-- MySQL dump 10.13  Distrib 8.0.43, for Win64 (x86_64)
--
-- Host: 127.0.0.1    Database: food_order_db
-- ------------------------------------------------------
-- Server version	8.0.43

/*!40101 SET @OLD_CHARACTER_SET_CLIENT=@@CHARACTER_SET_CLIENT */;
/*!40101 SET @OLD_CHARACTER_SET_RESULTS=@@CHARACTER_SET_RESULTS */;
/*!40101 SET @OLD_COLLATION_CONNECTION=@@COLLATION_CONNECTION */;
/*!50503 SET NAMES utf8 */;
/*!40103 SET @OLD_TIME_ZONE=@@TIME_ZONE */;
/*!40103 SET TIME_ZONE='+00:00' */;
/*!40014 SET @OLD_UNIQUE_CHECKS=@@UNIQUE_CHECKS, UNIQUE_CHECKS=0 */;
/*!40014 SET @OLD_FOREIGN_KEY_CHECKS=@@FOREIGN_KEY_CHECKS, FOREIGN_KEY_CHECKS=0 */;
/*!40101 SET @OLD_SQL_MODE=@@SQL_MODE, SQL_MODE='NO_AUTO_VALUE_ON_ZERO' */;
/*!40111 SET @OLD_SQL_NOTES=@@SQL_NOTES, SQL_NOTES=0 */;

--
-- Table structure for table `accounts`
--

DROP TABLE IF EXISTS `accounts`;
/*!40101 SET @saved_cs_client     = @@character_set_client */;
/*!50503 SET character_set_client = utf8mb4 */;
CREATE TABLE `accounts` (
  `id` int NOT NULL AUTO_INCREMENT,
  `username` varchar(50) NOT NULL,
  `password` varchar(255) NOT NULL,
  `email` varchar(100) NOT NULL,
  `role` enum('customer','seller_admin','platform_admin') NOT NULL DEFAULT 'customer',
  `restaurant_id` int DEFAULT NULL,
  `organisation` varchar(100) DEFAULT NULL,
  `address` varchar(255) DEFAULT NULL,
  PRIMARY KEY (`id`),
  UNIQUE KEY `username` (`username`),
  KEY `fk_accounts_restaurant` (`restaurant_id`),
  CONSTRAINT `fk_accounts_restaurant` FOREIGN KEY (`restaurant_id`) REFERENCES `restaurants` (`id`) ON DELETE SET NULL ON UPDATE CASCADE
) ENGINE=InnoDB AUTO_INCREMENT=24 DEFAULT CHARSET=utf8mb4 COLLATE=utf8mb4_0900_ai_ci;
/*!40101 SET character_set_client = @saved_cs_client */;

--
-- Dumping data for table `accounts`
--

LOCK TABLES `accounts` WRITE;
/*!40000 ALTER TABLE `accounts` DISABLE KEYS */;
INSERT INTO `accounts` VALUES (1,'Lenna Ph','112233','customer1@example.com','customer',NULL,'','742 Evergreen Terrace, Springfield, IL'),(2,'Anna','112233','customer2@example.com','customer',NULL,'','31 Spooner Street, Quahog, RI'),(7,'Joseph','112233','customer3@example.com','customer',NULL,'','124 Conch Street, Bikini Bottom, OC'),(8,'Santosh','112233','customer4@example.com','customer',NULL,'','12 Grimmauld Place, London, UK'),(9,'Gemma','112233','customer5@example.com','customer',NULL,'','221B Baker Street, London, UK'),(10,'Nicole','112233','customer6@example.com','customer',NULL,'','1600 Pennsylvania Avenue NW, Washington, DC'),(15,'admin-bunbohueconer-38','admin2109','admin4@bunbohuecorner.com','seller_admin',38,'Bun Bo Hue Corner','103 Main St, Seattle, WA'),(17,'admin1','admin112233','admin1@phosaigon.com','seller_admin',40,'Pho Saigon','100 Main St, Los Angeles, CA'),(18,'admin2','admin112233','admin2@banhmiexpress.com','seller_admin',41,'Banh Mi Express','101 Main St, Houston, TX'),(21,'APTH','123123','an.ph410@gmail.com','customer',NULL,NULL,'104 Main St, Dallas, TX'),(22,'An Pham Thi Hong','112233','anpham1351@yahoo.com.vn','customer',NULL,NULL,'101 Main St, Houston, TX'),(23,'admin30','112233','admin30@vietnamdelight.com','seller_admin',44,'Vietnam Delight','129 Main St, San Jose, CA');
/*!40000 ALTER TABLE `accounts` ENABLE KEYS */;
UNLOCK TABLES;

--
-- Table structure for table `badges`
--

DROP TABLE IF EXISTS `badges`;
/*!40101 SET @saved_cs_client     = @@character_set_client */;
/*!50503 SET character_set_client = utf8mb4 */;
CREATE TABLE `badges` (
  `id` int NOT NULL AUTO_INCREMENT,
  `restaurant_id` int DEFAULT NULL,
  `badge_type` enum('best_seller','newest','exclusive') DEFAULT NULL,
  `created_at` datetime DEFAULT CURRENT_TIMESTAMP,
  PRIMARY KEY (`id`),
  KEY `restaurant_id` (`restaurant_id`),
  CONSTRAINT `badges_ibfk_1` FOREIGN KEY (`restaurant_id`) REFERENCES `restaurants` (`id`) ON DELETE CASCADE
) ENGINE=InnoDB AUTO_INCREMENT=27 DEFAULT CHARSET=utf8mb4 COLLATE=utf8mb4_0900_ai_ci;
/*!40101 SET character_set_client = @saved_cs_client */;

--
-- Dumping data for table `badges`
--

LOCK TABLES `badges` WRITE;
/*!40000 ALTER TABLE `badges` DISABLE KEYS */;
INSERT INTO `badges` VALUES (1,1,'best_seller','2025-08-23 21:08:21'),(2,1,'exclusive','2025-08-23 21:08:21'),(3,2,'newest','2025-08-23 21:08:21'),(4,3,'exclusive','2025-08-23 21:08:21'),(5,1,'best_seller','2025-08-23 21:11:15'),(6,1,'exclusive','2025-08-23 21:11:15'),(7,2,'newest','2025-08-23 21:11:15'),(8,3,'exclusive','2025-08-23 21:11:15'),(9,4,'best_seller','2025-08-23 21:11:15'),(10,5,'newest','2025-08-23 21:11:15'),(11,5,'exclusive','2025-08-23 21:11:15'),(12,6,'best_seller','2025-08-23 21:11:15'),(13,7,'newest','2025-08-23 21:11:15'),(14,8,'exclusive','2025-08-23 21:11:15'),(15,9,'newest','2025-08-23 21:11:15'),(16,10,'best_seller','2025-08-23 21:11:15'),(17,11,'exclusive','2025-08-23 21:11:15'),(18,12,'best_seller','2025-08-23 21:11:15'),(19,13,'newest','2025-08-23 21:11:15'),(20,14,'exclusive','2025-08-23 21:11:15'),(21,15,'best_seller','2025-08-23 21:11:15'),(22,16,'newest','2025-08-23 21:11:15'),(23,17,'exclusive','2025-08-23 21:11:15'),(24,18,'best_seller','2025-08-23 21:11:15'),(25,19,'newest','2025-08-23 21:11:15'),(26,20,'exclusive','2025-08-23 21:11:15');
/*!40000 ALTER TABLE `badges` ENABLE KEYS */;
UNLOCK TABLES;

--
-- Table structure for table `brands`
--

DROP TABLE IF EXISTS `brands`;
/*!40101 SET @saved_cs_client     = @@character_set_client */;
/*!50503 SET character_set_client = utf8mb4 */;
CREATE TABLE `brands` (
  `id` int NOT NULL AUTO_INCREMENT,
  `name` varchar(100) NOT NULL,
  `image_url` varchar(255) NOT NULL,
  `link` varchar(255) NOT NULL,
  PRIMARY KEY (`id`)
) ENGINE=InnoDB AUTO_INCREMENT=12 DEFAULT CHARSET=utf8mb4 COLLATE=utf8mb4_0900_ai_ci;
/*!40101 SET character_set_client = @saved_cs_client */;

--
-- Dumping data for table `brands`
--

LOCK TABLES `brands` WRITE;
/*!40000 ALTER TABLE `brands` DISABLE KEYS */;
INSERT INTO `brands` VALUES (1,'Pizza Hut','static/images/brands/brand4.png','/zomo/order/menu-listing/poultry-palace'),(2,'Wendy\'s','static/images/brands/brand5.png','/zomo/order/menu-listing/poultry-palace'),(3,'Burger King','static/images/brands/brand6.png','/zomo/order/menu-listing/poultry-palace'),(4,'Subway','static/images/brands/brand7.png','/zomo/order/menu-listing/poultry-palace'),(5,'Domino\'s','static/images/brands/brand8.png','/zomo/order/menu-listing/poultry-palace'),(6,'Taco Bell','static/images/brands/brand9.png','/zomo/order/menu-listing/poultry-palace'),(7,'Chipotle','static//images/brands/brand10.png','/zomo/order/menu-listing/poultry-palace'),(8,'KFC','static//images/brands/brand11.png','/zomo/order/menu-listing/poultry-palace'),(9,'La Pino’z','static//images/brands/brand1.png','/zomo/order/menu-listing/poultry-palace'),(10,'Mc\'d','static//images/brands/brand2.png','/zomo/order/menu-listing/poultry-palace'),(11,'Starbucks','static//images/brands/brand3.png','/zomo/order/menu-listing/poultry-palace');
/*!40000 ALTER TABLE `brands` ENABLE KEYS */;
UNLOCK TABLES;

--
-- Table structure for table `order_items`
--

DROP TABLE IF EXISTS `order_items`;
/*!40101 SET @saved_cs_client     = @@character_set_client */;
/*!50503 SET character_set_client = utf8mb4 */;
CREATE TABLE `order_items` (
  `id` int NOT NULL AUTO_INCREMENT,
  `order_id` int NOT NULL,
  `food_id` int DEFAULT NULL,
  `food_name` varchar(255) NOT NULL,
  `quantity` int NOT NULL,
  `price` decimal(10,2) NOT NULL,
  `image_url` varchar(255) DEFAULT NULL,
  `item_total` decimal(10,2) GENERATED ALWAYS AS ((`quantity` * `price`)) STORED,
  `note` varchar(255) DEFAULT NULL,
  PRIMARY KEY (`id`),
  KEY `fk_order` (`order_id`),
  CONSTRAINT `fk_order` FOREIGN KEY (`order_id`) REFERENCES `orders` (`id`) ON DELETE CASCADE
) ENGINE=InnoDB AUTO_INCREMENT=132 DEFAULT CHARSET=utf8mb4 COLLATE=utf8mb4_0900_ai_ci;
/*!40101 SET character_set_client = @saved_cs_client */;

--
-- Dumping data for table `order_items`
--

LOCK TABLES `order_items` WRITE;
/*!40000 ALTER TABLE `order_items` DISABLE KEYS */;
INSERT INTO `order_items` (`id`, `order_id`, `food_id`, `food_name`, `quantity`, `price`, `image_url`, `note`) VALUES (48,1,1,'Margherita Pizza',1,12.00,'https://images.unsplash.com/photo-1574071318508-1cdbab80d002?q=80&w=1169&auto=format&fit=crop&ixlib=rb-4.1.0&ixid=M3wxMjA3fDB8MHxwaG90by1wYWdlfHx8fGVufDB8fHx8fA%3D%3D',NULL),(49,1,2,'Pepperoni Pizza',1,13.50,'https://images.unsplash.com/photo-1605478371310-a9f1e96b4ff4?q=80&w=1170&auto=format&fit=crop&ixlib=rb-4.1.0&ixid=M3wxMjA3fDB8MHxwaG90by1wYWdlfHx8fGVufDB8fHx8fA%3D%3D',NULL),(50,1,8,'Garlic Bread',2,5.00,'https://images.unsplash.com/photo-1573140401552-3fab0b24306f?q=80&w=735&auto=format&fit=crop&ixlib=rb-4.1.0&ixid=M3wxMjA3fDB8MHxwaG90by1wYWdlfHx8fGVufDB8fHx8fA%3D%3D',NULL),(51,2,5,'Whopper',1,11.00,'https://images.unsplash.com/photo-1600335895229-6e75511892c8?q=80&w=687&auto=format&fit=crop&ixlib=rb-4.1.0&ixid=M3wxMjA3fDB8MHxwaG90by1wYWdlfHx8fGVufDB8fHx8fA%3D%3D',NULL),(52,2,342,'French Fries',2,5.50,'https://images.unsplash.com/photo-1630431341973-02e1b662ec35?q=80&w=687&auto=format&fit=crop&ixlib=rb-4.1.0&ixid=M3wxMjA3fDB8MHxwaG90by1wYWdlfHx8fGVufDB8fHx8fA%3D%3D',NULL),(53,3,15,'Salmon Nigiri',2,12.50,'https://images.unsplash.com/photo-1732759959723-27f1ba1d1fa5?q=80&w=1170&auto=format&fit=crop&ixlib=rb-4.1.0&ixid=M3wxMjA3fDB8MHxwaG90by1wYWdlfHx8fGVufDB8fHx8fA%3D%3D',NULL),(54,3,118,'Tuna Roll',1,10.00,'https://images.unsplash.com/photo-1556906918-c3071bd11598?w=500&auto=format&fit=crop&q=60&ixlib=rb-4.1.0&ixid=M3wxMjA3fDB8MHxzZWFyY2h8Mnx8U3BpY3klMjBUdW5hJTIwUm9sbHxlbnwwfHwwfHx8MA%3D%3D',NULL),(55,3,16,'Miso Soup',1,3.75,'https://images.unsplash.com/photo-1680137248903-7af5d51a3350?q=80&w=1170&auto=format&fit=crop&ixlib=rb-4.1.0&ixid=M3wxMjA3fDB8MHxwaG90by1wYWdlfHx8fGVufDB8fHx8fA%3D%3D',NULL),(56,4,147,'Spaghetti Carbonara',1,14.00,'https://images.unsplash.com/photo-1588013273468-315fd88ea34c?w=500&auto=format&fit=crop&q=60&ixlib=rb-4.1.0&ixid=M3wxMjA3fDB8MHxzZWFyY2h8M3x8U3BhZ2hldHRpJTIwQ2FyYm9uYXJhfGVufDB8fDB8fHww',NULL),(57,4,149,'Penne Arrabiata',1,13.40,'https://images.unsplash.com/photo-1628079251261-624e723b7326?w=500&auto=format&fit=crop&q=60&ixlib=rb-4.1.0&ixid=M3wxMjA3fDB8MHxzZWFyY2h8NHx8RmV0dHVjY2luZSUyMEFsZnJlZG98ZW58MHx8MHx8fDA%3D',NULL),(58,5,27,'BBQ Ribs',2,25.00,'https://images.unsplash.com/photo-1544025162-d76694265947?q=80&w=1169&auto=format&fit=crop&ixlib=rb-4.1.0&ixid=M3wxMjA3fDB8MHxwaG90by1wYWdlfHx8fGVufDB8fHx8fA%3D%3D',NULL),(59,5,183,'Coleslaw',1,5.00,'https://images.unsplash.com/photo-1580917109750-ee55942087c2?w=500&auto=format&fit=crop&q=60&ixlib=rb-4.1.0&ixid=M3wxMjA3fDB8MHxzZWFyY2h8Nnx8Q29sZXNsYXd8ZW58MHx8MHx8fDA%3D',NULL),(63,7,43,'Caesar Salad',1,10.00,'https://images.unsplash.com/photo-1512621776951-a57141f2eefd?q=80&w=1170&auto=format&fit=crop&ixlib=rb-4.1.0&ixid=M3wxMjA3fDB8MHxwaG90by1wYWdlfHx8fGVufDB8fHx8fA%3D%3D',NULL),(65,8,124,'Greek Salad',1,10.50,'https://images.unsplash.com/photo-1669283714145-f97867f6c238?w=500&auto=format&fit=crop&q=60&ixlib=rb-4.1.0&ixid=M3wxMjA3fDB8MHxzZWFyY2h8M3x8Q2Flc2FyJTIwU2FsYWR8ZW58MHx8MHx8fDA%3D',NULL),(66,8,48,'Caesar Salad',1,8.00,'https://images.unsplash.com/photo-1512621776951-a57141f2eefd?q=80&w=1170&auto=format&fit=crop&ixlib=rb-4.1.0&ixid=M3wxMjA3fDB8MHxwaG90by1wYWdlfHx8fGVufDB8fHx8fA%3D%3D',NULL),(67,9,46,'Shrimp Dumplings',2,12.70,'https://images.unsplash.com/photo-1641928944645-0435da9e6e9d?q=80&w=735&auto=format&fit=crop&ixlib=rb-4.1.0&ixid=M3wxMjA3fDB8MHxwaG90by1wYWdlfHx8fGVufDB8fHx8fA%3D%3D',NULL),(70,10,NULL,'Chocolate Waffle',1,7.00,'https://images.unsplash.com/photo-1721078917681-40f74d16d7b7?q=80&w=723&auto=format&fit=crop&ixlib=rb-4.1.0&ixid=M3wxMjA3fDB8MHxwaG90by1wYWdlfHx8fGVufDB8fHx8fA%3D%3D',NULL),(71,23,5,'Whopper',2,5.83,'https://images.unsplash.com/photo-1600335895229-6e75511892c8?q=80&w=687&auto=format&fit=crop&ixlib=rb-4.1.0&ixid=M3wxMjA3fDB8MHxwaG90by1wYWdlfHx8fGVufDB8fHx8fA%3D%3D',NULL),(72,23,93,'Veggie King',1,23.32,'https://images.unsplash.com/photo-1743187248570-dd1ac4640063?q=80&w=765&auto=format&fit=crop&ixlib=rb-4.1.0&ixid=M3wxMjA3fDB8MHxwaG90by1wYWdlfHx8fGVufDB8fHx8fA%3D%3D',NULL),(73,23,100,'Mozzarella Sticks',2,37.46,'https://images.unsplash.com/photo-1623653387945-2fd25214f8fc?q=80&w=1170&auto=format&fit=crop&ixlib=rb-4.1.0&ixid=M3wxMjA3fDB8MHxwaG90by1wYWdlfHx8fGVufDB8fHx8fA%3D%3D',NULL),(74,23,103,'Spicy Chicken Burger',2,11.83,'https://images.unsplash.com/photo-1643111998354-07e7a780c92b?w=500&auto=format&fit=crop&q=60&ixlib=rb-4.1.0&ixid=M3wxMjA3fDB8MHxzZWFyY2h8Mnx8U3BpY3klMjBDaGlja2VuJTIwQnVyZ2VyfGVufDB8fDB8fHww',NULL),(75,23,102,'Vanilla Shake (M)',2,11.65,'https://images.unsplash.com/photo-1740103639723-87c39575b2c1?w=500&auto=format&fit=crop&q=60&ixlib=rb-4.1.0&ixid=M3wxMjA3fDB8MHxzZWFyY2h8M3x8VmFuaWxsYSUyMFNoYWtlJTIwKE0pfGVufDB8fDB8fHww',NULL),(76,23,92,'Chicken Royale',1,13.31,'https://images.unsplash.com/photo-1751698120377-740fa2d95763?q=80&w=1170&auto=format&fit=crop&ixlib=rb-4.1.0&ixid=M3wxMjA3fDB8MHxwaG90by1wYWdlfHx8fGVufDB8fHx8fA%3D%3D',NULL),(77,23,13,'Chicken Nuggets',11,31.34,'https://images.unsplash.com/photo-1627662168223-7df99068099a?q=80&w=1170&auto=format&fit=crop&ixlib=rb-4.1.0&ixid=M3wxMjA3fDB8MHxwaG90by1wYWdlfHx8fGVufDB8fHx8fA%3D%3D',NULL),(78,23,12,'Whopper',1,49.98,'https://images.unsplash.com/photo-1630914441316-6d95bbd00caf?q=80&w=687&auto=format&fit=crop&ixlib=rb-4.1.0&ixid=M3wxMjA3fDB8MHxwaG90by1wYWdlfHx8fGVufDB8fHx8fA%3D%3D',NULL),(79,24,15,'Salmon Nigiri',1,44.89,'https://images.unsplash.com/photo-1732759959723-27f1ba1d1fa5?q=80&w=1170&auto=format&fit=crop&ixlib=rb-4.1.0&ixid=M3wxMjA3fDB8MHxwaG90by1wYWdlfHx8fGVufDB8fHx8fA%3D%3D',NULL),(80,24,16,'Miso Soup',2,34.09,'https://images.unsplash.com/photo-1680137248903-7af5d51a3350?q=80&w=1170&auto=format&fit=crop&ixlib=rb-4.1.0&ixid=M3wxMjA3fDB8MHxwaG90by1wYWdlfHx8fGVufDB8fHx8fA%3D%3D',NULL),(81,24,199,'Cheese Burst Pizza',1,27.19,'https://images.unsplash.com/photo-1589264929791-3e104843c87b?q=80&w=743&auto=format&fit=crop&ixlib=rb-4.1.0&ixid=M3wxMjA3fDB8MHxwaG90by1wYWdlfHx8fGVufDB8fHx8fA%3D%3D',NULL),(82,24,202,'Hawaiian Pizza',1,15.97,'https://images.unsplash.com/photo-1745031601360-b189f522ea90?q=80&w=1170&auto=format&fit=crop&ixlib=rb-4.1.0&ixid=M3wxMjA3fDB8MHxwaG90by1wYWdlfHx8fGVufDB8fHx8fA%3D%3D',NULL),(83,25,277,'Whopper Burger',1,17.25,'https://images.unsplash.com/photo-1521305916504-4a1121188589?q=80&w=880&auto=format&fit=crop&ixlib=rb-4.1.0&ixid=M3wxMjA3fDB8MHxwaG90by1wYWdlfHx8fGVufDB8fHx8fA%3D%3D',NULL),(84,25,279,'Chicken Burger',1,48.77,'https://images.unsplash.com/photo-1542574271-7f3b92e6c821?q=80&w=687&auto=format&fit=crop&ixlib=rb-4.1.0&ixid=M3wxMjA3fDB8MHxwaG90by1wYWdlfHx8fGVufDB8fHx8fA%3D%3D',NULL),(85,25,281,'Double Whopper',1,6.33,'https://images.unsplash.com/photo-1581966626689-b63d790b3d49?q=80&w=1170&auto=format&fit=crop&ixlib=rb-4.1.0&ixid=M3wxMjA3fDB8MHxwaG90by1wYWdlfHx8fGVufDB8fHx8fA%3D%3D',NULL),(86,26,20,'Beef Taco',1,39.38,'https://images.unsplash.com/photo-1599974579688-8dbdd335c77f?q=80&w=1194&auto=format&fit=crop&ixlib=rb-4.1.0&ixid=M3wxMjA3fDB8MHxwaG90by1wYWdlfHx8fGVufDB8fHx8fA%3D%3D','Khong an rau'),(87,26,19,'Taco Al Pastor',1,45.86,'https://images.unsplash.com/photo-1629793982144-00548a0c75cc?q=80&w=687&auto=format&fit=crop&ixlib=rb-4.1.0&ixid=M3wxMjA3fDB8MHxwaG90by1wYWdlfHx8fGVufDB8fHx8fA%3D%3D','Cho nhieu sot'),(88,26,282,'Crispy Fries',1,22.05,'https://images.unsplash.com/photo-1724352476668-6cbd99da2d6b?q=80&w=1170&auto=format&fit=crop&ixlib=rb-4.1.0&ixid=M3wxMjA3fDB8MHxwaG90by1wYWdlfHx8fGVufDB8fHx8fA%3D%3D',''),(89,27,426,'Xoi Ga',1,11.25,'https://images.unsplash.com/photo-1538220856186-0be0e085984d?w=500&auto=format&fit=crop&q=60&ixlib=rb-4.1.0&ixid=M3wxMjA3fDB8MHxzZWFyY2h8MTR8fGJyZWFrZmFzdHxlbnwwfHwwfHx8MA%3D%3D','Nhieu xoi'),(90,27,428,'Banh Khoai Mi',1,4.52,'https://images.unsplash.com/photo-1622087250532-ef720737446b?w=500&auto=format&fit=crop&q=60&ixlib=rb-4.1.0&ixid=M3wxMjA3fDB8MHxzZWFyY2h8MTB8fGIlQzMlQTFuaHxlbnwwfHwwfHx8MA%3D%3D',''),(91,27,430,'Passionfruit Juice',1,9.57,'https://images.unsplash.com/photo-1621506289937-a8e4df240d0b?w=500&auto=format&fit=crop&q=60&ixlib=rb-4.1.0&ixid=M3wxMjA3fDB8MHxzZWFyY2h8OHx8anVpY2V8ZW58MHx8MHx8fDA%3D','It Duong'),(92,27,433,'Watermelon Juice',1,8.36,'https://images.unsplash.com/photo-1621506289937-a8e4df240d0b?w=500&auto=format&fit=crop&q=60&ixlib=rb-4.1.0&ixid=M3wxMjA3fDB8MHxzZWFyY2h8OHx8anVpY2V8ZW58MHx8MHx8fDA%3D',''),(93,28,426,'Xoi Ga',1,11.25,'https://images.unsplash.com/photo-1538220856186-0be0e085984d?w=500&auto=format&fit=crop&q=60&ixlib=rb-4.1.0&ixid=M3wxMjA3fDB8MHxzZWFyY2h8MTR8fGJyZWFrZmFzdHxlbnwwfHwwfHx8MA%3D%3D',''),(94,28,427,'Sugarcane Juice',1,9.90,'https://images.unsplash.com/photo-1534353473418-4cfa6c56fd38?w=500&auto=format&fit=crop&q=60&ixlib=rb-4.1.0&ixid=M3wxMjA3fDB8MHxzZWFyY2h8M3x8U3VnYXJjYW5lJTIwSnVpY2V8ZW58MHx8MHx8fDA%3D',''),(95,28,428,'Banh Khoai Mi',1,4.52,'https://images.unsplash.com/photo-1622087250532-ef720737446b?w=500&auto=format&fit=crop&q=60&ixlib=rb-4.1.0&ixid=M3wxMjA3fDB8MHxzZWFyY2h8MTB8fGIlQzMlQTFuaHxlbnwwfHwwfHx8MA%3D%3D',''),(96,28,430,'Passionfruit Juice',1,9.57,'https://images.unsplash.com/photo-1621506289937-a8e4df240d0b?w=500&auto=format&fit=crop&q=60&ixlib=rb-4.1.0&ixid=M3wxMjA3fDB8MHxzZWFyY2h8OHx8anVpY2V8ZW58MHx8MHx8fDA%3D',''),(97,28,438,'Chao Long',1,5.71,'https://images.unsplash.com/photo-1525351484163-7529414344d8?w=500&auto=format&fit=crop&q=60&ixlib=rb-4.1.0&ixid=M3wxMjA3fDB8MHxzZWFyY2h8M3x8QnJlYWtmYXN0fGVufDB8fDB8fHww',''),(98,29,427,'Sugarcane Juice',1,9.90,'https://images.unsplash.com/photo-1534353473418-4cfa6c56fd38?w=500&auto=format&fit=crop&q=60&ixlib=rb-4.1.0&ixid=M3wxMjA3fDB8MHxzZWFyY2h8M3x8U3VnYXJjYW5lJTIwSnVpY2V8ZW58MHx8MHx8fDA%3D',''),(99,29,430,'Passionfruit Juice',1,9.57,'https://images.unsplash.com/photo-1621506289937-a8e4df240d0b?w=500&auto=format&fit=crop&q=60&ixlib=rb-4.1.0&ixid=M3wxMjA3fDB8MHxzZWFyY2h8OHx8anVpY2V8ZW58MHx8MHx8fDA%3D',''),(100,29,432,'Chao Long',1,12.94,'https://images.unsplash.com/photo-1525351484163-7529414344d8?w=500&auto=format&fit=crop&q=60&ixlib=rb-4.1.0&ixid=M3wxMjA3fDB8MHxzZWFyY2h8M3x8QnJlYWtmYXN0fGVufDB8fDB8fHww',''),(101,30,521,'Iced Matcha',1,9.62,'https://images.unsplash.com/photo-1542116021-0ff087fb0a41?w=500&auto=format&fit=crop&q=60&ixlib=rb-4.1.0&ixid=M3wxMjA3fDB8MHxzZWFyY2h8Mnx8cGFuYWNvdGF8ZW58MHx8MHx8fDA%3D','Ít ngọt'),(102,30,519,'Chocolate Cake',2,10.06,'https://images.unsplash.com/photo-1614746508587-f9071d51db90?w=500&auto=format&fit=crop&q=60&ixlib=rb-4.1.0&ixid=M3wxMjA3fDB8MHxzZWFyY2h8MTF8fHBhbmFjb3RhfGVufDB8fDB8fHww','Nhiều sốt'),(103,30,523,'Banh Cam',1,17.62,'https://images.unsplash.com/photo-1628875731234-98ce973ff456?w=500&auto=format&fit=crop&q=60&ixlib=rb-4.1.0&ixid=M3wxMjA3fDB8MHxzZWFyY2h8MTJ8fHBhbmFjb3RhfGVufDB8fDB8fHww','Ít ngọt'),(104,31,523,'Banh Cam',1,17.62,'https://images.unsplash.com/photo-1628875731234-98ce973ff456?w=500&auto=format&fit=crop&q=60&ixlib=rb-4.1.0&ixid=M3wxMjA3fDB8MHxzZWFyY2h8MTJ8fHBhbmFjb3RhfGVufDB8fDB8fHww','it ngon'),(105,31,524,'Soy Milk',1,5.96,'https://images.unsplash.com/photo-1603532523708-fc0df21fa2e8?w=500&auto=format&fit=crop&q=60&ixlib=rb-4.1.0&ixid=M3wxMjA3fDB8MHxzZWFyY2h8NHx8cGFuYWNvdGF8ZW58MHx8MHx8fDA%3D','ttt'),(106,31,521,'Iced Matcha',1,9.62,'https://images.unsplash.com/photo-1542116021-0ff087fb0a41?w=500&auto=format&fit=crop&q=60&ixlib=rb-4.1.0&ixid=M3wxMjA3fDB8MHxzZWFyY2h8Mnx8cGFuYWNvdGF8ZW58MHx8MHx8fDA%3D',''),(107,32,432,'Chao Long',1,12.94,'https://images.unsplash.com/photo-1525351484163-7529414344d8?w=500&auto=format&fit=crop&q=60&ixlib=rb-4.1.0&ixid=M3wxMjA3fDB8MHxzZWFyY2h8M3x8QnJlYWtmYXN0fGVufDB8fDB8fHww',''),(108,32,433,'Watermelon Juice',1,8.36,'https://images.unsplash.com/photo-1621506289937-a8e4df240d0b?w=500&auto=format&fit=crop&q=60&ixlib=rb-4.1.0&ixid=M3wxMjA3fDB8MHxzZWFyY2h8OHx8anVpY2V8ZW58MHx8MHx8fDA%3D',''),(109,32,434,'Pandan Chiffon Cake',1,18.15,'https://images.unsplash.com/photo-1622087250532-ef720737446b?w=500&auto=format&fit=crop&q=60&ixlib=rb-4.1.0&ixid=M3wxMjA3fDB8MHxzZWFyY2h8MTB8fGIlQzMlQTFuaHxlbnwwfHwwfHx8MA%3D%3D','Khong cay'),(110,32,431,'Banh Cam',2,7.69,'https://images.unsplash.com/photo-1622087250532-ef720737446b?w=500&auto=format&fit=crop&q=60&ixlib=rb-4.1.0&ixid=M3wxMjA3fDB8MHxzZWFyY2h8MTB8fGIlQzMlQTFuaHxlbnwwfHwwfHx8MA%3D%3D',''),(111,32,426,'Xoi Ga',1,11.25,'https://images.unsplash.com/photo-1538220856186-0be0e085984d?w=500&auto=format&fit=crop&q=60&ixlib=rb-4.1.0&ixid=M3wxMjA3fDB8MHxzZWFyY2h8MTR8fGJyZWFrZmFzdHxlbnwwfHwwfHx8MA%3D%3D',''),(112,32,442,'Mixed Fruit Juice',1,15.53,'https://images.unsplash.com/photo-1621506289937-a8e4df240d0b?w=500&auto=format&fit=crop&q=60&ixlib=rb-4.1.0&ixid=M3wxMjA3fDB8MHxzZWFyY2h8OHx8anVpY2V8ZW58MHx8MHx8fDA%3D',''),(113,32,436,'Coconut Water',1,18.47,'https://images.unsplash.com/photo-1621506289937-a8e4df240d0b?w=500&auto=format&fit=crop&q=60&ixlib=rb-4.1.0&ixid=M3wxMjA3fDB8MHxzZWFyY2h8OHx8anVpY2V8ZW58MHx8MHx8fDA%3D',''),(114,32,430,'Passionfruit Juice',1,9.57,'https://images.unsplash.com/photo-1621506289937-a8e4df240d0b?w=500&auto=format&fit=crop&q=60&ixlib=rb-4.1.0&ixid=M3wxMjA3fDB8MHxzZWFyY2h8OHx8anVpY2V8ZW58MHx8MHx8fDA%3D',''),(115,33,427,'Sugarcane Juice',1,9.90,'https://images.unsplash.com/photo-1534353473418-4cfa6c56fd38?w=500&auto=format&fit=crop&q=60&ixlib=rb-4.1.0&ixid=M3wxMjA3fDB8MHxzZWFyY2h8M3x8U3VnYXJjYW5lJTIwSnVpY2V8ZW58MHx8MHx8fDA%3D',''),(116,33,432,'Chao Long',1,12.94,'https://images.unsplash.com/photo-1525351484163-7529414344d8?w=500&auto=format&fit=crop&q=60&ixlib=rb-4.1.0&ixid=M3wxMjA3fDB8MHxzZWFyY2h8M3x8QnJlYWtmYXN0fGVufDB8fDB8fHww','It chao'),(117,33,433,'Watermelon Juice',1,8.36,'https://images.unsplash.com/photo-1621506289937-a8e4df240d0b?w=500&auto=format&fit=crop&q=60&ixlib=rb-4.1.0&ixid=M3wxMjA3fDB8MHxzZWFyY2h8OHx8anVpY2V8ZW58MHx8MHx8fDA%3D','It ngot'),(118,34,426,'Xoi Ga',1,11.25,'https://images.unsplash.com/photo-1538220856186-0be0e085984d?w=500&auto=format&fit=crop&q=60&ixlib=rb-4.1.0&ixid=M3wxMjA3fDB8MHxzZWFyY2h8MTR8fGJyZWFrZmFzdHxlbnwwfHwwfHx8MA%3D%3D','Khong cay'),(119,34,428,'Banh Khoai Mi',1,4.52,'https://images.unsplash.com/photo-1622087250532-ef720737446b?w=500&auto=format&fit=crop&q=60&ixlib=rb-4.1.0&ixid=M3wxMjA3fDB8MHxzZWFyY2h8MTB8fGIlQzMlQTFuaHxlbnwwfHwwfHx8MA%3D%3D',''),(120,35,287,'Taco Al Pastor',1,32.93,'https://images.unsplash.com/photo-1542574271-7f3b92e6c821?q=80&w=687&auto=format&fit=crop&ixlib=rb-4.1.0&ixid=M3wxMjA3fDB8MHxwaG90by1wYWdlfHx8fGVufDB8fHx8fA%3D%3D',''),(121,36,433,'Watermelon Juice',1,8.36,'https://images.unsplash.com/photo-1621506289937-a8e4df240d0b?w=500&auto=format&fit=crop&q=60&ixlib=rb-4.1.0&ixid=M3wxMjA3fDB8MHxzZWFyY2h8OHx8anVpY2V8ZW58MHx8MHx8fDA%3D',''),(122,36,436,'Coconut Water',3,18.47,'https://images.unsplash.com/photo-1621506289937-a8e4df240d0b?w=500&auto=format&fit=crop&q=60&ixlib=rb-4.1.0&ixid=M3wxMjA3fDB8MHxzZWFyY2h8OHx8anVpY2V8ZW58MHx8MHx8fDA%3D',''),(123,36,435,'Xoi Ga',1,13.22,'https://images.unsplash.com/photo-1525351484163-7529414344d8?w=500&auto=format&fit=crop&q=60&ixlib=rb-4.1.0&ixid=M3wxMjA3fDB8MHxzZWFyY2h8M3x8QnJlYWtmYXN0fGVufDB8fDB8fHww',''),(124,36,442,'Mixed Fruit Juice',3,15.53,'https://images.unsplash.com/photo-1621506289937-a8e4df240d0b?w=500&auto=format&fit=crop&q=60&ixlib=rb-4.1.0&ixid=M3wxMjA3fDB8MHxzZWFyY2h8OHx8anVpY2V8ZW58MHx8MHx8fDA%3D',''),(125,36,440,'Croissant',1,12.51,'https://images.unsplash.com/photo-1622087250532-ef720737446b?w=500&auto=format&fit=crop&q=60&ixlib=rb-4.1.0&ixid=M3wxMjA3fDB8MHxzZWFyY2h8MTB8fGIlQzMlQTFuaHxlbnwwfHwwfHx8MA%3D%3D',''),(126,37,428,'Banh Khoai Mi',1,4.52,'https://images.unsplash.com/photo-1622087250532-ef720737446b?w=500&auto=format&fit=crop&q=60&ixlib=rb-4.1.0&ixid=M3wxMjA3fDB8MHxzZWFyY2h8MTB8fGIlQzMlQTFuaHxlbnwwfHwwfHx8MA%3D%3D',''),(127,37,429,'Banh Mi Op La',1,18.07,'https://images.unsplash.com/photo-1525351484163-7529414344d8?w=500&auto=format&fit=crop&q=60&ixlib=rb-4.1.0&ixid=M3wxMjA3fDB8MHxzZWFyY2h8M3x8QnJlYWtmYXN0fGVufDB8fDB8fHww',''),(128,37,440,'Croissant',1,12.51,'https://images.unsplash.com/photo-1622087250532-ef720737446b?w=500&auto=format&fit=crop&q=60&ixlib=rb-4.1.0&ixid=M3wxMjA3fDB8MHxzZWFyY2h8MTB8fGIlQzMlQTFuaHxlbnwwfHwwfHx8MA%3D%3D',''),(129,37,434,'Pandan Chiffon Cake',1,18.15,'https://images.unsplash.com/photo-1622087250532-ef720737446b?w=500&auto=format&fit=crop&q=60&ixlib=rb-4.1.0&ixid=M3wxMjA3fDB8MHxzZWFyY2h8MTB8fGIlQzMlQTFuaHxlbnwwfHwwfHx8MA%3D%3D',''),(130,37,436,'Coconut Water',1,18.47,'https://images.unsplash.com/photo-1621506289937-a8e4df240d0b?w=500&auto=format&fit=crop&q=60&ixlib=rb-4.1.0&ixid=M3wxMjA3fDB8MHxzZWFyY2h8OHx8anVpY2V8ZW58MHx8MHx8fDA%3D',''),(131,37,427,'Sugarcane Juice',1,9.90,'https://images.unsplash.com/photo-1534353473418-4cfa6c56fd38?w=500&auto=format&fit=crop&q=60&ixlib=rb-4.1.0&ixid=M3wxMjA3fDB8MHxzZWFyY2h8M3x8U3VnYXJjYW5lJTIwSnVpY2V8ZW58MHx8MHx8fDA%3D','');
/*!40000 ALTER TABLE `order_items` ENABLE KEYS */;
UNLOCK TABLES;

--
-- Table structure for table `orders`
--

DROP TABLE IF EXISTS `orders`;
/*!40101 SET @saved_cs_client     = @@character_set_client */;
/*!50503 SET character_set_client = utf8mb4 */;
CREATE TABLE `orders` (
  `id` int NOT NULL AUTO_INCREMENT,
  `user_id` int NOT NULL,
  `restaurant_id` int NOT NULL,
  `restaurant_name` varchar(255) NOT NULL,
  `transaction_id` varchar(100) NOT NULL,
  `order_time` timestamp NULL DEFAULT CURRENT_TIMESTAMP,
  `status` varchar(50) NOT NULL,
  `recipient_name` varchar(100) NOT NULL,
  `phone_number` varchar(20) NOT NULL,
  `email` varchar(150) DEFAULT NULL,
  `address` varchar(255) DEFAULT NULL,
  `payment_method` enum('COD','CreditCard','Paypal','BankTransfer') NOT NULL DEFAULT 'COD',
  `subtotal` decimal(10,2) NOT NULL DEFAULT '0.00',
  `savings` decimal(10,2) NOT NULL DEFAULT '0.00',
  `store_pickup` decimal(10,2) NOT NULL DEFAULT '0.00',
  `tax` decimal(10,2) NOT NULL DEFAULT '0.00',
  `total` decimal(10,2) NOT NULL,
  PRIMARY KEY (`id`),
  UNIQUE KEY `transaction_id` (`transaction_id`),
  KEY `fk_restaurant` (`restaurant_id`),
  CONSTRAINT `fk_restaurant` FOREIGN KEY (`restaurant_id`) REFERENCES `restaurants` (`id`) ON DELETE CASCADE
) ENGINE=InnoDB AUTO_INCREMENT=38 DEFAULT CHARSET=utf8mb4 COLLATE=utf8mb4_0900_ai_ci;
/*!40101 SET character_set_client = @saved_cs_client */;

--
-- Dumping data for table `orders`
--

LOCK TABLES `orders` WRITE;
/*!40000 ALTER TABLE `orders` DISABLE KEYS */;
INSERT INTO `orders` VALUES (1,7,1,'Pizza Hut','TXN001','2025-09-14 15:21:47','Completed','User_1','0901655453','user1@example.com','211 Broadway, Chicago, IL 67447','COD',35.50,15.41,52.60,3.00,106.51),(2,7,12,'Burger King','TXN002','2025-09-14 15:21:47','Completed','User_2','0905318088','user2@example.com','562 Pine St, Houston, TX 73345','COD',22.00,16.49,44.69,1.17,84.35),(3,7,13,'Sushi World','TXN003','2025-09-14 15:21:47','Completed','User_3','0907012701','user3@example.com','385 Oak Ave, Chicago, IL 74418','COD',26.75,8.10,86.37,2.06,123.28),(4,7,16,'Pasta Palace','TXN004','2025-09-14 15:21:47','Completed','User_4','0903591886','user4@example.com','362 Broadway, Houston, TX 54785','COD',27.40,40.88,45.68,2.28,116.24),(5,7,19,'BBQ Haven','TXN005','2025-09-14 15:21:47','Completed','User_5','0906988362','user5@example.com','484 Pine St, Miami, FL 73517','COD',30.00,16.22,73.79,1.73,121.74),(6,7,21,'Noodle Nook','TXN006','2025-09-14 15:21:47','Completed','User_6','0909065961','user6@example.com','775 Pine St, Miami, FL 78965','COD',19.20,0.87,57.90,1.86,79.83),(7,7,25,'Pizza Express','TXN007','2025-09-14 15:21:47','Completed','User_7','0905567732','user7@example.com','121 Maple Rd, New York, NY 70524','COD',30.00,35.78,33.89,1.70,101.37),(8,7,27,'Salad Stop','TXN008','2025-09-14 15:21:47','Completed','User_8','0905389400','user8@example.com','355 Oak Ave, New York, NY 63929','COD',18.50,2.30,83.66,1.57,106.03),(9,7,28,'Dim Sum Delight','TXN009','2025-09-14 15:21:47','Completed','User_9','0902578368','user9@example.com','560 Pine St, Los Angeles, CA 15358','COD',24.70,39.59,60.31,2.21,126.81),(10,7,29,'Waffle World','TXN010','2025-09-14 15:21:47','Completed','User_10','0906839082','user10@example.com','543 Broadway, Miami, FL 89522','COD',15.00,43.76,60.09,1.14,119.99),(13,7,1,'Pizza Hut','TXN1001','2025-09-14 15:15:42','Completed','User_13','0903957609','user13@example.com','616 Broadway, Los Angeles, CA 32501','COD',35.50,3.61,56.25,2.94,98.30),(15,3,13,'Sushi World','TXN1003','2025-09-14 15:15:42','Completed','User_15','0904044273','user15@example.com','504 Pine St, New York, NY 52360','COD',48.75,34.16,58.05,4.76,145.72),(16,7,16,'Pasta Palace','TXN1004','2025-09-14 15:15:42','Completed','User_16','0906132161','user16@example.com','123 Pine St, Chicago, IL 45462','COD',27.40,49.38,45.94,1.61,124.33),(17,4,19,'BBQ Haven','TXN1005','2025-09-14 15:15:42','Completed','User_17','0902745319','user17@example.com','498 Main St, Miami, FL 12443','COD',55.00,22.17,74.48,5.08,156.73),(19,5,25,'Pizza Express','TXN1007','2025-09-14 15:15:42','Completed','User_19','0903974636','user19@example.com','376 Broadway, Miami, FL 98359','COD',30.00,8.80,92.20,2.87,133.87),(20,3,27,'Salad Stop','TXN1008','2025-09-14 15:15:42','Completed','User_20','0909178182','user20@example.com','548 Oak Ave, Los Angeles, CA 63188','COD',18.50,39.94,48.74,1.80,108.98),(21,7,28,'Dim Sum Delight','TXN1009','2025-09-14 15:15:42','Completed','User_21','0909171266','user21@example.com','291 Broadway, Miami, FL 26805','COD',24.70,35.65,88.89,1.32,150.56),(22,4,29,'Waffle World','TXN1010','2025-09-14 15:15:42','Completed','User_22','0908311903','user22@example.com','550 Maple Rd, New York, NY 25857','COD',15.00,43.02,90.55,1.31,149.88),(23,7,3,'Burger King','TXN1011','2025-09-19 08:27:54','Pending','An Pham','0343951002','bebapre28@gmail.com','ABC street','CreditCard',8094.00,0.00,3.50,5.00,8102.50),(24,7,4,'Pizza Hut','TXN1012','2025-09-19 08:40:06','Pending','An Pham','0343951002','an.ph410@gmail.com','ABC street','Paypal',156.23,0.00,3.50,5.00,164.73),(25,1,6,'Burger King','TXN1013','2025-09-19 08:59:38','Pending','John','0283472','anpham160@yahoo.com.vn','12232 Nguy street','CreditCard',72.35,0.00,3.50,5.00,80.85),(26,1,6,'Burger King','TXN1014','2025-09-21 16:09:11','Pending','An Pham','0343951002','an.ph410@gmail.com','12232 Nguy street','COD',107.29,0.00,3.50,5.00,115.79),(27,1,38,'Bun Bo Hue Corner','TXN1015','2025-09-21 16:31:12','Completed','An Pham','0343951002','an.ph410@gmail.com','12232 Nguy street','COD',33.70,0.00,3.50,5.00,42.20),(28,2,38,'Bun Bo Hue Corner','TXN1016','2025-09-21 16:57:10','Cancelled','John','03456287326','customer2@example.com','ABC street','COD',40.95,0.00,3.50,5.00,49.45),(29,1,38,'Bun Bo Hue Corner','TXN1017','2025-09-21 19:10:30','Completed','An Pham','0343951002','an.ph410@gmail.com','12232 Nguy street','COD',32.41,0.00,3.50,5.00,40.91),(30,1,44,'Vietnam Delight','TXN1018','2025-09-23 13:14:25','Cancelled','An Pham','0343951002','2251052123trang@ou.edu.vn','12232 Nguy street','COD',47.36,0.00,3.50,5.00,55.86),(31,1,44,'Vietnam Delight','TXN1019','2025-09-23 13:17:05','Completed','An Pham','0343951002','2251052123trang@ou.edu.vn','12232 Nguy street','COD',33.20,0.00,3.50,5.00,41.70),(32,1,38,'Bun Bo Hue Corner','TXN1020','2025-05-23 15:16:33','Completed','James','87637808','anpham4100@gmail.com','872 Ng Th H','COD',109.65,24.12,3.50,5.00,142.27),(33,7,38,'Bun Bo Hue Corner','TXN1021','2025-06-23 15:21:43','Completed','Jams','87637808','anpham4100@gmail.com','87 ABC','COD',31.20,6.87,3.50,5.00,46.57),(34,7,38,'Bun Bo Hue Corner','TXN1022','2025-07-23 15:22:58','Completed','Lucky Ng','87637808','anpham4100@gmail.com','98 BT','COD',15.77,3.46,3.50,5.00,27.73),(35,7,9,'Burger King','TXN1023','2025-09-23 15:27:55','Pending','Lucky Ng 6777','87637808','anpham4100@gmail.com','98 BT','CreditCard',32.93,0.00,3.50,5.00,41.43),(36,2,38,'Bun Bo Hue Corner','TXN1024','2025-08-23 15:32:08','Completed','Lucky Ng 6777','87637808','anpham4100@gmail.com','98 BT','CreditCard',136.09,29.94,3.50,5.00,174.53),(37,7,38,'Bun Bo Hue Corner','TXN1025','2025-09-23 16:56:15','Completed','Gemma Do','99887654','anpham4100@gmail.com','98 BT','CreditCard',81.62,17.95,3.50,5.00,108.07);
/*!40000 ALTER TABLE `orders` ENABLE KEYS */;
UNLOCK TABLES;

--
-- Table structure for table `products`
--

DROP TABLE IF EXISTS `products`;
/*!40101 SET @saved_cs_client     = @@character_set_client */;
/*!50503 SET character_set_client = utf8mb4 */;
CREATE TABLE `products` (
  `id` int NOT NULL AUTO_INCREMENT,
  `restaurant_id` int DEFAULT NULL,
  `name` varchar(255) NOT NULL,
  `description` text,
  `image_url` text,
  `price` decimal(10,2) DEFAULT NULL,
  `category` varchar(100) DEFAULT NULL,
  `created_at` datetime DEFAULT CURRENT_TIMESTAMP,
  `updated_at` datetime DEFAULT CURRENT_TIMESTAMP ON UPDATE CURRENT_TIMESTAMP,
  PRIMARY KEY (`id`),
  KEY `restaurant_id` (`restaurant_id`),
  CONSTRAINT `products_ibfk_1` FOREIGN KEY (`restaurant_id`) REFERENCES `restaurants` (`id`) ON DELETE CASCADE
) ENGINE=InnoDB AUTO_INCREMENT=533 DEFAULT CHARSET=utf8mb4 COLLATE=utf8mb4_0900_ai_ci;
/*!40101 SET character_set_client = @saved_cs_client */;

--
-- Dumping data for table `products`
--

LOCK TABLES `products` WRITE;
/*!40000 ALTER TABLE `products` DISABLE KEYS */;
INSERT INTO `products` VALUES (1,1,'Margherita Pizza','Delicious traditional Vietnamese dishes.','https://images.unsplash.com/photo-1574071318508-1cdbab80d002?q=80&w=1169&auto=format&fit=crop&ixlib=rb-4.1.0&ixid=M3wxMjA3fDB8MHxwaG90by1wYWdlfHx8fGVufDB8fHx8fA%3D%3D',42.91,'Pizza','2025-08-23 21:08:21','2025-09-20 03:39:12'),(2,1,'Pepperoni Pizza','Delicious traditional Vietnamese dishes.','https://images.unsplash.com/photo-1605478371310-a9f1e96b4ff4?q=80&w=1170&auto=format&fit=crop&ixlib=rb-4.1.0&ixid=M3wxMjA3fDB8MHxwaG90by1wYWdlfHx8fGVufDB8fHx8fA%3D%3D',39.87,'Pizza','2025-08-23 21:08:21','2025-09-20 03:39:12'),(3,2,'Veggie Burger','Delicious traditional Vietnamese dishes.','https://images.unsplash.com/photo-1661529515567-dcb300f41da5?q=80&w=1170&auto=format&fit=crop&ixlib=rb-4.1.0&ixid=M3wxMjA3fDB8MHxwaG90by1wYWdlfHx8fGVufDB8fHx8fA%3D%3D',20.63,'Burger','2025-08-23 21:08:21','2025-09-20 03:39:12'),(4,2,'Salad Bowl','Delicious traditional Vietnamese dishes.','https://images.unsplash.com/photo-1546069901-ba9599a7e63c?q=80&w=880&auto=format&fit=crop&ixlib=rb-4.1.0&ixid=M3wxMjA3fDB8MHxwaG90by1wYWdlfHx8fGVufDB8fHx8fA%3D%3D',23.55,'Salad','2025-08-23 21:08:21','2025-09-20 03:39:12'),(5,3,'Whopper','Delicious traditional Vietnamese dishes.','https://images.unsplash.com/photo-1600335895229-6e75511892c8?q=80&w=687&auto=format&fit=crop&ixlib=rb-4.1.0&ixid=M3wxMjA3fDB8MHxwaG90by1wYWdlfHx8fGVufDB8fHx8fA%3D%3D',5.83,'Burger','2025-08-23 21:08:21','2025-09-20 03:39:12'),(6,1,'Margherita Pizza','Delicious traditional Vietnamese dishes.','https://images.unsplash.com/photo-1544982503-9f984c14501a?q=80&w=687&auto=format&fit=crop&ixlib=rb-4.1.0&ixid=M3wxMjA3fDB8MHxwaG90by1wYWdlfHx8fGVufDB8fHx8fA%3D%3D',43.53,'Pizza','2025-08-23 21:11:15','2025-09-20 03:39:12'),(7,1,'Pepperoni Pizza','Delicious traditional Vietnamese dishes.','https://images.unsplash.com/photo-1541745537411-b8046dc6d66c?q=80&w=688&auto=format&fit=crop&ixlib=rb-4.1.0&ixid=M3wxMjA3fDB8MHxwaG90by1wYWdlfHx8fGVufDB8fHx8fA%3D%3D',15.14,'Pizza','2025-08-23 21:11:15','2025-09-20 03:39:12'),(8,1,'Garlic Bread','Delicious traditional Vietnamese dishes.','https://images.unsplash.com/photo-1573140401552-3fab0b24306f?q=80&w=735&auto=format&fit=crop&ixlib=rb-4.1.0&ixid=M3wxMjA3fDB8MHxwaG90by1wYWdlfHx8fGVufDB8fHx8fA%3D%3D',30.11,'Appetizer','2025-08-23 21:11:15','2025-09-20 03:39:12'),(9,2,'Veggie Burger','Delicious traditional Vietnamese dishes.','https://images.unsplash.com/photo-1546441471-c81f0586d0a9?q=80&w=1172&auto=format&fit=crop&ixlib=rb-4.1.0&ixid=M3wxMjA3fDB8MHxwaG90by1wYWdlfHx8fGVufDB8fHx8fA%3D%3D',10.13,'Burger','2025-08-23 21:11:15','2025-09-20 03:39:12'),(10,2,'Salad Bowl','Delicious traditional Vietnamese dishes.','https://images.unsplash.com/photo-1631311695255-8dde6bf96cb5?q=80&w=688&auto=format&fit=crop&ixlib=rb-4.1.0&ixid=M3wxMjA3fDB8MHxwaG90by1wYWdlfHx8fGVufDB8fHx8fA%3D%3D',45.31,'Salad','2025-08-23 21:11:15','2025-09-20 03:39:12'),(11,2,'Veggie Wrap','Delicious traditional Vietnamese dishes.','https://images.unsplash.com/photo-1585238342107-49a3cdace47f?q=80&w=767&auto=format&fit=crop&ixlib=rb-4.1.0&ixid=M3wxMjA3fDB8MHxwaG90by1wYWdlfHx8fGVufDB8fHx8fA%3D%3D',11.18,'Wrap','2025-08-23 21:11:15','2025-09-20 03:39:12'),(12,3,'Whopper','Delicious traditional Vietnamese dishes.','https://images.unsplash.com/photo-1630914441316-6d95bbd00caf?q=80&w=687&auto=format&fit=crop&ixlib=rb-4.1.0&ixid=M3wxMjA3fDB8MHxwaG90by1wYWdlfHx8fGVufDB8fHx8fA%3D%3D',49.98,'Burger','2025-08-23 21:11:15','2025-09-20 03:39:12'),(13,3,'Chicken Nuggets','Delicious traditional Vietnamese dishes.','https://images.unsplash.com/photo-1627662168223-7df99068099a?q=80&w=1170&auto=format&fit=crop&ixlib=rb-4.1.0&ixid=M3wxMjA3fDB8MHxwaG90by1wYWdlfHx8fGVufDB8fHx8fA%3D%3D',31.34,'Snack','2025-08-23 21:11:15','2025-09-20 03:39:12'),(14,4,'California Roll','Delicious traditional Vietnamese dishes.','https://images.unsplash.com/photo-1559410545-0bdcd187e0a6?q=80&w=1170&auto=format&fit=crop&ixlib=rb-4.1.0&ixid=M3wxMjA3fDB8MHxwaG90by1wYWdlfHx8fGVufDB8fHx8fA%3D%3D',46.78,'Sushi','2025-08-23 21:11:15','2025-09-20 03:39:12'),(15,4,'Salmon Nigiri','Delicious traditional Vietnamese dishes.','https://images.unsplash.com/photo-1732759959723-27f1ba1d1fa5?q=80&w=1170&auto=format&fit=crop&ixlib=rb-4.1.0&ixid=M3wxMjA3fDB8MHxwaG90by1wYWdlfHx8fGVufDB8fHx8fA%3D%3D',44.89,'Sushi','2025-08-23 21:11:15','2025-09-20 03:39:12'),(16,4,'Miso Soup','Delicious traditional Vietnamese dishes.','https://images.unsplash.com/photo-1680137248903-7af5d51a3350?q=80&w=1170&auto=format&fit=crop&ixlib=rb-4.1.0&ixid=M3wxMjA3fDB8MHxwaG90by1wYWdlfHx8fGVufDB8fHx8fA%3D%3D',34.09,'Soup','2025-08-23 21:11:15','2025-09-20 03:39:12'),(17,5,'Quinoa Salad','Delicious traditional Vietnamese dishes.','https://images.unsplash.com/photo-1505576633757-0ac1084af824?q=80&w=735&auto=format&fit=crop&ixlib=rb-4.1.0&ixid=M3wxMjA3fDB8MHxwaG90by1wYWdlfHx8fGVufDB8fHx8fA%3D%3D',30.78,'Salad','2025-08-23 21:11:15','2025-09-20 03:39:12'),(18,5,'Veggie Smoothie','Delicious traditional Vietnamese dishes.','https://images.unsplash.com/photo-1723245326663-451ff80f21c7?q=80&w=715&auto=format&fit=crop&ixlib=rb-4.1.0&ixid=M3wxMjA3fDB8MHxwaG90by1wYWdlfHx8fGVufDB8fHx8fA%3D%3D',46.64,'Drink','2025-08-23 21:11:15','2025-09-20 03:39:12'),(19,6,'Taco Al Pastor','Delicious traditional Vietnamese dishes.','https://images.unsplash.com/photo-1629793982144-00548a0c75cc?q=80&w=687&auto=format&fit=crop&ixlib=rb-4.1.0&ixid=M3wxMjA3fDB8MHxwaG90by1wYWdlfHx8fGVufDB8fHx8fA%3D%3D',45.86,'Taco','2025-08-23 21:11:15','2025-09-20 03:39:12'),(20,6,'Beef Taco','Delicious traditional Vietnamese dishes.','https://images.unsplash.com/photo-1599974579688-8dbdd335c77f?q=80&w=1194&auto=format&fit=crop&ixlib=rb-4.1.0&ixid=M3wxMjA3fDB8MHxwaG90by1wYWdlfHx8fGVufDB8fHx8fA%3D%3D',39.38,'Taco','2025-08-23 21:11:15','2025-09-20 03:39:12'),(21,7,'Spaghetti Carbonara','Fresh and tasty Vietnamese drinks.','https://images.unsplash.com/photo-1633337474564-1d9478ca4e2e?q=80&w=1171&auto=format&fit=crop&ixlib=rb-4.1.0&ixid=M3wxMjA3fDB8MHxwaG90by1wYWdlfHx8fGVufDB8fHx8fA%3D%3D',9.32,'Pasta','2025-08-23 21:11:15','2025-09-20 03:39:12'),(22,7,'Fettuccine Alfredo','Fresh and tasty Vietnamese drinks.','https://images.unsplash.com/photo-1693609929945-b01ae4f2d602?q=80&w=1170&auto=format&fit=crop&ixlib=rb-4.1.0&ixid=M3wxMjA3fDB8MHxwaG90by1wYWdlfHx8fGVufDB8fHx8fA%3D%3D',13.45,'Pasta','2025-08-23 21:11:15','2025-09-20 03:39:12'),(23,8,'Chicken Curry','Fresh and tasty Vietnamese drinks.','https://images.unsplash.com/photo-1631292784640-2b24be784d5d?q=80&w=880&auto=format&fit=crop&ixlib=rb-4.1.0&ixid=M3wxMjA3fDB8MHxwaG90by1wYWdlfHx8fGVufDB8fHx8fA%3D%3D',34.30,'Curry','2025-08-23 21:11:15','2025-09-20 03:39:12'),(24,8,'Lamb Curry','Fresh and tasty Vietnamese drinks.','https://images.unsplash.com/photo-1534939561126-855b8675edd7?q=80&w=687&auto=format&fit=crop&ixlib=rb-4.1.0&ixid=M3wxMjA3fDB8MHxwaG90by1wYWdlfHx8fGVufDB8fHx8fA%3D%3D',36.16,'Curry','2025-08-23 21:11:15','2025-09-20 03:39:12'),(25,9,'Bagel with Cream Cheese','Fresh and tasty Vietnamese drinks.','https://images.unsplash.com/photo-1707079408137-cc73e9ef71c2?q=80&w=1170&auto=format&fit=crop&ixlib=rb-4.1.0&ixid=M3wxMjA3fDB8MHxwaG90by1wYWdlfHx8fGVufDB8fHx8fA%3D%3D',27.89,'Bagel','2025-08-23 21:11:15','2025-09-20 03:39:12'),(26,9,'Bagel Sandwich','Fresh and tasty Vietnamese drinks.','https://images.unsplash.com/photo-1727245243413-2a9e6561dc71?q=80&w=880&auto=format&fit=crop&ixlib=rb-4.1.0&ixid=M3wxMjA3fDB8MHxwaG90by1wYWdlfHx8fGVufDB8fHx8fA%3D%3D',25.95,'Bagel','2025-08-23 21:11:15','2025-09-20 03:39:12'),(27,10,'BBQ Ribs','Fresh and tasty Vietnamese drinks.','https://images.unsplash.com/photo-1544025162-d76694265947?q=80&w=1169&auto=format&fit=crop&ixlib=rb-4.1.0&ixid=M3wxMjA3fDB8MHxwaG90by1wYWdlfHx8fGVufDB8fHx8fA%3D%3D',41.11,'BBQ','2025-08-23 21:11:15','2025-09-20 03:39:12'),(28,10,'Grilled Chicken','Fresh and tasty Vietnamese drinks.','https://plus.unsplash.com/premium_photo-1661419883163-bb4df1c10109?q=80&w=687&auto=format&fit=crop&ixlib=rb-4.1.0&ixid=M3wxMjA3fDB8MHxwaG90by1wYWdlfHx8fGVufDB8fHx8fA%3D%3D',32.69,'BBQ','2025-08-23 21:11:15','2025-09-20 03:39:12'),(29,11,'Vegan Wrap','Fresh and tasty Vietnamese drinks.','https://images.unsplash.com/photo-1611255172659-fc8ae0bc20f7?q=80&w=1175&auto=format&fit=crop&ixlib=rb-4.1.0&ixid=M3wxMjA3fDB8MHxwaG90by1wYWdlfHx8fGVufDB8fHx8fA%3D%3D',35.10,'Wrap','2025-08-23 21:11:15','2025-09-20 03:39:12'),(30,11,'Tofu Salad','Fresh and tasty Vietnamese drinks.','https://images.unsplash.com/photo-1544519685-86ccb2dab444?q=80&w=880&auto=format&fit=crop&ixlib=rb-4.1.0&ixid=M3wxMjA3fDB8MHxwaG90by1wYWdlfHx8fGVufDB8fHx8fA%3D%3D',27.45,'Salad','2025-08-23 21:11:15','2025-09-20 03:39:12'),(31,12,'Chicken Noodles','Fresh and tasty Vietnamese drinks.','https://images.unsplash.com/photo-1750602920132-2146f0345e21?q=80&w=764&auto=format&fit=crop&ixlib=rb-4.1.0&ixid=M3wxMjA3fDB8MHxwaG90by1wYWdlfHx8fGVufDB8fHx8fA%3D%3D',26.93,'Noodles','2025-08-23 21:11:15','2025-09-20 03:39:12'),(32,12,'Veg Noodles','Fresh and tasty Vietnamese drinks.','https://images.unsplash.com/photo-1716535232838-cc7642aa19d9?q=80&w=1123&auto=format&fit=crop&ixlib=rb-4.1.0&ixid=M3wxMjA3fDB8MHxwaG90by1wYWdlfHx8fGVufDB8fHx8fA%3D%3D',47.33,'Noodles','2025-08-23 21:11:15','2025-09-20 03:39:12'),(33,13,'Grilled Salmon','Fresh and tasty Vietnamese drinks.','https://images.unsplash.com/photo-1611599537845-1c7aca0091c0?q=80&w=687&auto=format&fit=crop&ixlib=rb-4.1.0&ixid=M3wxMjA3fDB8MHxwaG90by1wYWdlfHx8fGVufDB8fHx8fA%3D%3D',15.85,'Seafood','2025-08-23 21:11:15','2025-09-20 03:39:12'),(34,13,'Lobster Roll','Fresh and tasty Vietnamese drinks.','https://images.unsplash.com/photo-1603103750903-518e8bf57bf0?q=80&w=1170&auto=format&fit=crop&ixlib=rb-4.1.0&ixid=M3wxMjA3fDB8MHxwaG90by1wYWdlfHx8fGVufDB8fHx8fA%3D%3D',22.26,'Seafood','2025-08-23 21:11:15','2025-09-20 03:39:12'),(35,14,'Chicken Kebab','Fresh and tasty Vietnamese drinks.','https://images.unsplash.com/photo-1605908580297-f3e1c02e64ff?q=80&w=1170&auto=format&fit=crop&ixlib=rb-4.1.0&ixid=M3wxMjA3fDB8MHxwaG90by1wYWdlfHx8fGVufDB8fHx8fA%3D%3D',13.77,'Kebab','2025-08-23 21:11:15','2025-09-20 03:39:12'),(36,14,'Beef Kebab','Fresh and tasty Vietnamese drinks.','https://images.unsplash.com/photo-1659275799237-cbc057d97e7f?q=80&w=1170&auto=format&fit=crop&ixlib=rb-4.1.0&ixid=M3wxMjA3fDB8MHxwaG90by1wYWdlfHx8fGVufDB8fHx8fA%3D%3D',42.05,'Kebab','2025-08-23 21:11:15','2025-09-20 03:39:12'),(37,15,'Samosa','Fresh and tasty Vietnamese drinks.','https://images.unsplash.com/photo-1601050690597-df0568f70950?q=80&w=1170&auto=format&fit=crop&ixlib=rb-4.1.0&ixid=M3wxMjA3fDB8MHxwaG90by1wYWdlfHx8fGVufDB8fHx8fA%3D%3D',28.93,'Snack','2025-08-23 21:11:15','2025-09-20 03:39:12'),(38,15,'Chaat','Fresh and tasty Vietnamese drinks.','https://images.unsplash.com/photo-1621427017750-2b387090dbda?q=80&w=722&auto=format&fit=crop&ixlib=rb-4.1.0&ixid=M3wxMjA3fDB8MHxwaG90by1wYWdlfHx8fGVufDB8fHx8fA%3D%3D',13.50,'Snack','2025-08-23 21:11:15','2025-09-20 03:39:12'),(39,16,'Pepperoni Pizza','Fresh and tasty Vietnamese drinks.','https://images.unsplash.com/photo-1609795829951-325b91a41471?q=80&w=735&auto=format&fit=crop&ixlib=rb-4.1.0&ixid=M3wxMjA3fDB8MHxwaG90by1wYWdlfHx8fGVufDB8fHx8fA%3D%3D',20.70,'Pizza','2025-08-23 21:11:15','2025-09-20 03:39:12'),(40,16,'Veggie Pizza','Fresh and tasty Vietnamese drinks.','https://images.unsplash.com/photo-1541745537411-b8046dc6d66c?q=80&w=688&auto=format&fit=crop&ixlib=rb-4.1.0&ixid=M3wxMjA3fDB8MHxwaG90by1wYWdlfHx8fGVufDB8fHx8fA%3D%3D',13.02,'Pizza','2025-08-23 21:11:15','2025-09-20 03:39:12'),(41,17,'Lamb Kebab','Fresh and tasty Vietnamese drinks.','https://images.unsplash.com/photo-1529006557810-274b9b2fc783?q=80&w=1176&auto=format&fit=crop&ixlib=rb-4.1.0&ixid=M3wxMjA3fDB8MHxwaG90by1wYWdlfHx8fGVufDB8fHx8fA%3D%3D',43.01,'Kebab','2025-08-23 21:11:15','2025-09-20 03:39:12'),(42,17,'Chicken Kebab','Fresh and tasty Vietnamese drinks.','https://images.unsplash.com/photo-1595777216528-071e0127ccbf?q=80&w=1170&auto=format&fit=crop&ixlib=rb-4.1.0&ixid=M3wxMjA3fDB8MHxwaG90by1wYWdlfHx8fGVufDB8fHx8fA%3D%3D',35.98,'Kebab','2025-08-23 21:11:15','2025-09-20 03:39:12'),(43,18,'Caesar Salad','Fresh and tasty Vietnamese drinks.','https://images.unsplash.com/photo-1512621776951-a57141f2eefd?q=80&w=1170&auto=format&fit=crop&ixlib=rb-4.1.0&ixid=M3wxMjA3fDB8MHxwaG90by1wYWdlfHx8fGVufDB8fHx8fA%3D%3D',45.85,'Salad','2025-08-23 21:11:15','2025-09-20 03:39:12'),(44,18,'Fruit Salad','Fresh and tasty Vietnamese drinks.','https://images.unsplash.com/photo-1540420773420-3366772f4999?q=80&w=684&auto=format&fit=crop&ixlib=rb-4.1.0&ixid=M3wxMjA3fDB8MHxwaG90by1wYWdlfHx8fGVufDB8fHx8fA%3D%3D',26.33,'Salad','2025-08-23 21:11:15','2025-09-20 03:39:12'),(45,19,'Dim Sum Basket','Fresh and tasty Vietnamese drinks.','https://images.unsplash.com/photo-1604632910793-c0601f361b34?q=80&w=687&auto=format&fit=crop&ixlib=rb-4.1.0&ixid=M3wxMjA3fDB8MHxwaG90by1wYWdlfHx8fGVufDB8fHx8fA%3D%3D',34.11,'Dim Sum','2025-08-23 21:11:15','2025-09-20 03:39:12'),(46,19,'Shrimp Dumplings','Fresh and tasty Vietnamese drinks.','https://images.unsplash.com/photo-1641928944645-0435da9e6e9d?q=80&w=735&auto=format&fit=crop&ixlib=rb-4.1.0&ixid=M3wxMjA3fDB8MHxwaG90by1wYWdlfHx8fGVufDB8fHx8fA%3D%3D',41.54,'Dim Sum','2025-08-23 21:11:15','2025-09-20 03:39:12'),(47,20,'Waffles with Syrup','Fresh and tasty Vietnamese drinks.','https://images.unsplash.com/photo-1578687257823-7c790b381e43?q=80&w=1170&auto=format&fit=crop&ixlib=rb-4.1.0&ixid=M3wxMjA3fDB8MHxwaG90by1wYWdlfHx8fGVufDB8fHx8fA%3D%3D',10.37,'Waffle','2025-08-23 21:11:15','2025-09-20 03:39:12'),(48,20,'Chocolate Waffle','Fresh and tasty Vietnamese drinks.','https://images.unsplash.com/photo-1721078917681-40f74d16d7b7?q=80&w=723&auto=format&fit=crop&ixlib=rb-4.1.0&ixid=M3wxMjA3fDB8MHxwaG90by1wYWdlfHx8fGVufDB8fHx8fA%3D%3D',12.22,'Waffle','2025-08-23 21:11:15','2025-09-20 03:39:12'),(49,1,'Classic Margherita','Fresh and tasty Vietnamese drinks.','https://images.unsplash.com/photo-1695304781788-2ae3f1b02ccc?q=80&w=1332&auto=format&fit=crop&ixlib=rb-4.1.0&ixid=M3wxMjA3fDB8MHxwaG90by1wYWdlfHx8fGVufDB8fHx8fA%3D%3D',25.00,'Pizza','2025-09-14 00:14:30','2025-09-20 03:39:12'),(50,1,'Pepperoni Lover','Fresh and tasty Vietnamese drinks.','https://images.unsplash.com/photo-1751199681771-cba0d6edb1f1?q=80&w=1053&auto=format&fit=crop&ixlib=rb-4.1.0&ixid=M3wxMjA3fDB8MHxwaG90by1wYWdlfHx8fGVufDB8fHx8fA%3D%3D',38.36,'Pizza','2025-09-14 00:14:30','2025-09-20 03:39:12'),(51,1,'BBQ Chicken Pizza','Savory snacks and appetizers.','https://images.unsplash.com/photo-1565299624946-b28f40a0ae38?q=80&w=781&auto=format&fit=crop&ixlib=rb-4.1.0&ixid=M3wxMjA3fDB8MHxwaG90by1wYWdlfHx8fGVufDB8fHx8fA%3D%3D',21.78,'Pizza','2025-09-14 00:14:30','2025-09-20 03:39:12'),(52,1,'Hawaiian (Ham & Pineapple)','Savory snacks and appetizers.','https://images.unsplash.com/photo-1706260788629-fd0d642f928b?q=80&w=679&auto=format&fit=crop&ixlib=rb-4.1.0&ixid=M3wxMjA3fDB8MHxwaG90by1wYWdlfHx8fGVufDB8fHx8fA%3D%3D',33.82,'Pizza','2025-09-14 00:14:30','2025-09-20 03:39:12'),(53,1,'Four Cheese (Quattro Formaggi)','Savory snacks and appetizers.','https://images.unsplash.com/photo-1549320719-b97a0b5b8294?q=80&w=1170&auto=format&fit=crop&ixlib=rb-4.1.0&ixid=M3wxMjA3fDB8MHxwaG90by1wYWdlfHx8fGVufDB8fHx8fA%3D%3D',8.77,'Pizza','2025-09-14 00:14:30','2025-09-20 03:39:12'),(54,1,'Veggie Supreme','Savory snacks and appetizers.','https://images.unsplash.com/photo-1580391550743-4e3f17ef6f0b?q=80&w=731&auto=format&fit=crop&ixlib=rb-4.1.0&ixid=M3wxMjA3fDB8MHxwaG90by1wYWdlfHx8fGVufDB8fHx8fA%3D%3D',27.39,'Pizza','2025-09-14 00:14:30','2025-09-20 03:39:12'),(55,1,'Meat Feast','Savory snacks and appetizers.','https://images.unsplash.com/photo-1575732410812-ad56a7b93c42?q=80&w=1074&auto=format&fit=crop&ixlib=rb-4.1.0&ixid=M3wxMjA3fDB8MHxwaG90by1wYWdlfHx8fGVufDB8fHx8fA%3D%3D',15.62,'Pizza','2025-09-14 00:14:30','2025-09-20 03:39:12'),(56,1,'Spicy Diavola','Savory snacks and appetizers.','https://images.unsplash.com/photo-1660779236653-0d4170277506?q=80&w=687&auto=format&fit=crop&ixlib=rb-4.1.0&ixid=M3wxMjA3fDB8MHxwaG90by1wYWdlfHx8fGVufDB8fHx8fA%3D%3D',35.93,'Pizza','2025-09-14 00:14:30','2025-09-20 03:39:12'),(57,1,'Garlic Bread','Savory snacks and appetizers.','https://images.unsplash.com/photo-1619535860434-ba1d8fa12536?q=80&w=1196&auto=format&fit=crop&ixlib=rb-4.1.0&ixid=M3wxMjA3fDB8MHxwaG90by1wYWdlfHx8fGVufDB8fHx8fA%3D%3D',37.78,'Starter','2025-09-14 00:14:30','2025-09-20 03:39:12'),(58,1,'Chicken Wings (6 pcs)','Savory snacks and appetizers.','https://images.unsplash.com/photo-1608039755401-742074f0548d?q=80&w=735&auto=format&fit=crop&ixlib=rb-4.1.0&ixid=M3wxMjA3fDB8MHxwaG90by1wYWdlfHx8fGVufDB8fHx8fA%3D%3D',31.11,'Starter','2025-09-14 00:14:30','2025-09-20 03:39:12'),(59,1,'Cheesy Stuffed Crust','Savory snacks and appetizers.','https://images.unsplash.com/photo-1748955308511-dbe8e3f9b2bb?q=80&w=687&auto=format&fit=crop&ixlib=rb-4.1.0&ixid=M3wxMjA3fDB8MHxwaG90by1wYWdlfHx8fGVufDB8fHx8fA%3D%3D',37.22,'Pizza','2025-09-14 00:14:30','2025-09-20 03:39:12'),(60,1,'Spaghetti Bolognese','Savory snacks and appetizers.','https://images.unsplash.com/photo-1626844131082-256783844137?q=80&w=735&auto=format&fit=crop&ixlib=rb-4.1.0&ixid=M3wxMjA3fDB8MHxwaG90by1wYWdlfHx8fGVufDB8fHx8fA%3D%3D',42.78,'Pasta','2025-09-14 00:14:30','2025-09-20 03:39:12'),(61,1,'Fettuccine Alfredo','Savory snacks and appetizers.','https://plus.unsplash.com/premium_photo-1677000666741-17c3c57139a2?q=80&w=687&auto=format&fit=crop&ixlib=rb-4.1.0&ixid=M3wxMjA3fDB8MHxwaG90by1wYWdlfHx8fGVufDB8fHx8fA%3D%3D',7.23,'Pasta','2025-09-14 00:14:30','2025-09-20 03:39:12'),(62,1,'Caesar Salad','Savory snacks and appetizers.','https://images.unsplash.com/photo-1589227365533-cee630bd59bd?q=80&w=1170&auto=format&fit=crop&ixlib=rb-4.1.0&ixid=M3wxMjA3fDB8MHxwaG90by1wYWdlfHx8fGVufDB8fHx8fA%3D%3D',37.83,'Salad','2025-09-14 00:14:30','2025-09-20 03:39:12'),(63,1,'Mozzarella Sticks','Savory snacks and appetizers.','https://images.unsplash.com/photo-1734774924912-dcbb467f8599?q=80&w=1170&auto=format&fit=crop&ixlib=rb-4.1.0&ixid=M3wxMjA3fDB8MHxwaG90by1wYWdlfHx8fGVufDB8fHx8fA%3D%3D',27.46,'Starter','2025-09-14 00:14:30','2025-09-20 03:39:12'),(64,1,'Potato Wedges','Savory snacks and appetizers.','https://images.unsplash.com/photo-1633959639799-6d3f66e05710?q=80&w=1074&auto=format&fit=crop&ixlib=rb-4.1.0&ixid=M3wxMjA3fDB8MHxwaG90by1wYWdlfHx8fGVufDB8fHx8fA%3D%3D',18.80,'Side','2025-09-14 00:14:30','2025-09-20 03:39:12'),(65,1,'Chocolate Lava Cake','Savory snacks and appetizers.','https://images.unsplash.com/photo-1511911063855-2bf39afa5b2e?q=80&w=687&auto=format&fit=crop&ixlib=rb-4.1.0&ixid=M3wxMjA3fDB8MHxwaG90by1wYWdlfHx8fGVufDB8fHx8fA%3D%3D',6.63,'Dessert','2025-09-14 00:14:30','2025-09-20 03:39:12'),(66,1,'Tiramisu Cup','Savory snacks and appetizers.','https://images.unsplash.com/photo-1647784057692-7c7116f86c7d?q=80&w=687&auto=format&fit=crop&ixlib=rb-4.1.0&ixid=M3wxMjA3fDB8MHxwaG90by1wYWdlfHx8fGVufDB8fHx8fA%3D%3D',16.74,'Dessert','2025-09-14 00:14:30','2025-09-20 03:39:12'),(67,1,'Coke (330ml)','Savory snacks and appetizers.','https://images.unsplash.com/photo-1622483767028-3f66f32aef97?q=80&w=1170&auto=format&fit=crop&ixlib=rb-4.1.0&ixid=M3wxMjA3fDB8MHxwaG90by1wYWdlfHx8fGVufDB8fHx8fA%3D%3D',13.81,'Beverage','2025-09-14 00:14:30','2025-09-20 03:39:12'),(68,1,'Iced Tea (500ml)','Savory snacks and appetizers.','https://images.unsplash.com/photo-1556679343-c7306c1976bc?q=80&w=764&auto=format&fit=crop&ixlib=rb-4.1.0&ixid=M3wxMjA3fDB8MHxwaG90by1wYWdlfHx8fGVufDB8fHx8fA%3D%3D',13.82,'Beverage','2025-09-14 00:14:30','2025-09-20 03:39:12'),(69,2,'Grilled Veggie Bowl','Savory snacks and appetizers.','https://images.unsplash.com/photo-1625938144595-4f5112c529b3?q=80&w=880&auto=format&fit=crop&ixlib=rb-4.1.0&ixid=M3wxMjA3fDB8MHxwaG90by1wYWdlfHx8fGVufDB8fHx8fA%3D%3D',22.70,'Bowl','2025-09-14 00:14:30','2025-09-20 03:39:12'),(70,2,'Quinoa & Roasted Veggies','Savory snacks and appetizers.','https://images.unsplash.com/photo-1627483334784-cc4dd0b96b56?q=80&w=536&auto=format&fit=crop&ixlib=rb-4.1.0&ixid=M3wxMjA3fDB8MHxwaG90by1wYWdlfHx8fGVufDB8fHx8fA%3D%3D',22.00,'Bowl','2025-09-14 00:14:30','2025-09-20 03:39:12'),(71,2,'Falafel Wrap','Classic main courses with herbs.','https://images.unsplash.com/photo-1681072530653-db8fe2538631?q=80&w=764&auto=format&fit=crop&ixlib=rb-4.1.0&ixid=M3wxMjA3fDB8MHxwaG90by1wYWdlfHx8fGVufDB8fHx8fA%3D%3D',36.94,'Wrap','2025-09-14 00:14:30','2025-09-20 03:39:12'),(72,2,'Vegan Burger','Classic main courses with herbs.','https://images.unsplash.com/photo-1664455248787-bed872761fa2?q=80&w=1331&auto=format&fit=crop&ixlib=rb-4.1.0&ixid=M3wxMjA3fDB8MHxwaG90by1wYWdlfHx8fGVufDB8fHx8fA%3D%3D',23.68,'Burger','2025-09-14 00:14:30','2025-09-20 03:39:12'),(73,2,'Mediterranean Salad','Classic main courses with herbs.','https://images.unsplash.com/photo-1660541880691-604859c9c5bc?q=80&w=1257&auto=format&fit=crop&ixlib=rb-4.1.0&ixid=M3wxMjA3fDB8MHxwaG90by1wYWdlfHx8fGVufDB8fHx8fA%3D%3D',47.57,'Salad','2025-09-14 00:14:30','2025-09-20 03:39:12'),(74,2,'Cauliflower Wings','Classic main courses with herbs.','https://images.unsplash.com/photo-1692011412194-fda4e883c016?q=80&w=627&auto=format&fit=crop&ixlib=rb-4.1.0&ixid=M3wxMjA3fDB8MHxwaG90by1wYWdlfHx8fGVufDB8fHx8fA%3D%3D',26.83,'Starter','2025-09-14 00:14:30','2025-09-20 03:39:12'),(75,2,'Tofu Stir-fry','Classic main courses with herbs.','https://images.unsplash.com/photo-1619683548293-c74defe8d5d2?q=80&w=735&auto=format&fit=crop&ixlib=rb-4.1.0&ixid=M3wxMjA3fDB8MHxwaG90by1wYWdlfHx8fGVufDB8fHx8fA%3D%3D',31.43,'Main','2025-09-14 00:14:30','2025-09-20 03:39:12'),(76,2,'Lentil Soup','Classic main courses with herbs.','https://images.unsplash.com/photo-1591266798549-32fa7cd32f45?q=80&w=687&auto=format&fit=crop&ixlib=rb-4.1.0&ixid=M3wxMjA3fDB8MHxwaG90by1wYWdlfHx8fGVufDB8fHx8fA%3D%3D',26.67,'Soup','2025-09-14 00:14:30','2025-09-20 03:39:12'),(77,2,'Vegan Caesar Salad','Classic main courses with herbs.','https://images.unsplash.com/photo-1671898295493-b8a75407dadb?q=80&w=1307&auto=format&fit=crop&ixlib=rb-4.1.0&ixid=M3wxMjA3fDB8MHxwaG90by1wYWdlfHx8fGVufDB8fHx8fA%3D%3D',34.04,'Salad','2025-09-14 00:14:30','2025-09-20 03:39:12'),(78,2,'Chickpea Curry Bowl','Classic main courses with herbs.','https://images.unsplash.com/photo-1708782340377-882559d544fb?q=80&w=880&auto=format&fit=crop&ixlib=rb-4.1.0&ixid=M3wxMjA3fDB8MHxwaG90by1wYWdlfHx8fGVufDB8fHx8fA%3D%3D',40.18,'Bowl','2025-09-14 00:14:30','2025-09-20 03:39:12'),(79,2,'Roasted Beetroot Salad','Classic main courses with herbs.','https://images.unsplash.com/photo-1623489254660-db5b367881d9?q=80&w=686&auto=format&fit=crop&ixlib=rb-4.1.0&ixid=M3wxMjA3fDB8MHxwaG90by1wYWdlfHx8fGVufDB8fHx8fA%3D%3D',48.80,'Salad','2025-09-14 00:14:30','2025-09-20 03:39:12'),(80,2,'Avocado Toast','Classic main courses with herbs.','https://images.unsplash.com/photo-1687276287139-88f7333c8ca4?q=80&w=764&auto=format&fit=crop&ixlib=rb-4.1.0&ixid=M3wxMjA3fDB8MHxwaG90by1wYWdlfHx8fGVufDB8fHx8fA%3D%3D',28.47,'Starter','2025-09-14 00:14:30','2025-09-20 03:39:12'),(81,2,'Sweet Potato Fries','Classic main courses with herbs.','https://images.unsplash.com/photo-1725006015031-04bf253ae9f7?q=80&w=687&auto=format&fit=crop&ixlib=rb-4.1.0&ixid=M3wxMjA3fDB8MHxwaG90by1wYWdlfHx8fGVufDB8fHx8fA%3D%3D',35.92,'Side','2025-09-14 00:14:30','2025-09-20 03:39:12'),(82,2,'Green Smoothie (M)','Classic main courses with herbs.','https://images.unsplash.com/photo-1722239312465-df0603bc70a4?q=80&w=687&auto=format&fit=crop&ixlib=rb-4.1.0&ixid=M3wxMjA3fDB8MHxwaG90by1wYWdlfHx8fGVufDB8fHx8fA%3D%3D',44.20,'Beverage','2025-09-14 00:14:30','2025-09-20 03:39:12'),(83,2,'Acai Bowl','Classic main courses with herbs.','https://images.unsplash.com/photo-1684403620650-81dc661a69db?q=80&w=687&auto=format&fit=crop&ixlib=rb-4.1.0&ixid=M3wxMjA3fDB8MHxwaG90by1wYWdlfHx8fGVufDB8fHx8fA%3D%3D',18.26,'Bowl','2025-09-14 00:14:30','2025-09-20 03:39:12'),(84,2,'Vegan Pizza (Cheese-free)','Classic main courses with herbs.','https://images.unsplash.com/photo-1646257099268-c560a1230dba?q=80&w=687&auto=format&fit=crop&ixlib=rb-4.1.0&ixid=M3wxMjA3fDB8MHxwaG90by1wYWdlfHx8fGVufDB8fHx8fA%3D%3D',43.70,'Pizza','2025-09-14 00:14:30','2025-09-20 03:39:12'),(85,2,'Grilled Portobello','Classic main courses with herbs.','https://images.unsplash.com/photo-1704007573697-6a516da421ec?q=80&w=1170&auto=format&fit=crop&ixlib=rb-4.1.0&ixid=M3wxMjA3fDB8MHxwaG90by1wYWdlfHx8fGVufDB8fHx8fA%3D%3D',23.72,'Main','2025-09-14 00:14:30','2025-09-20 03:39:12'),(86,2,'Hummus & Pita','Classic main courses with herbs.','https://images.unsplash.com/photo-1683725519288-eab9fa352335?q=80&w=950&auto=format&fit=crop&ixlib=rb-4.1.0&ixid=M3wxMjA3fDB8MHxwaG90by1wYWdlfHx8fGVufDB8fHx8fA%3D%3D',27.51,'Starter','2025-09-14 00:14:30','2025-09-20 03:39:12'),(87,2,'Fruit Bowl','Classic main courses with herbs.','https://images.unsplash.com/photo-1519996529931-28324d5a630e?q=80&w=687&auto=format&fit=crop&ixlib=rb-4.1.0&ixid=M3wxMjA3fDB8MHxwaG90by1wYWdlfHx8fGVufDB8fHx8fA%3D%3D',16.38,'Dessert','2025-09-14 00:14:30','2025-09-20 03:39:12'),(88,2,'Herbal Tea (M)','Classic main courses with herbs.','https://images.unsplash.com/photo-1608744940436-5fca4a3c8786?q=80&w=686&auto=format&fit=crop&ixlib=rb-4.1.0&ixid=M3wxMjA3fDB8MHxwaG90by1wYWdlfHx8fGVufDB8fHx8fA%3D%3D',39.35,'Beverage','2025-09-14 00:14:30','2025-09-20 03:39:12'),(89,3,'Whopper Classic','Classic main courses with herbs.','https://images.unsplash.com/photo-1749215784680-a0bb6b7ac950?q=80&w=1170&auto=format&fit=crop&ixlib=rb-4.1.0&ixid=M3wxMjA3fDB8MHxwaG90by1wYWdlfHx8fGVufDB8fHx8fA%3D%3D',7.64,'Burger','2025-09-14 00:14:30','2025-09-20 03:39:12'),(90,3,'Cheese Royale','Classic main courses with herbs.','https://images.unsplash.com/photo-1654513547430-973fe7570159?q=80&w=1170&auto=format&fit=crop&ixlib=rb-4.1.0&ixid=M3wxMjA3fDB8MHxwaG90by1wYWdlfHx8fGVufDB8fHx8fA%3D%3D',5.13,'Burger','2025-09-14 00:14:30','2025-09-20 03:39:12'),(91,3,'Bacon King','Classic main courses with herbs.','https://images.unsplash.com/photo-1544203796-04ea773aff0c?q=80&w=1170&auto=format&fit=crop&ixlib=rb-4.1.0&ixid=M3wxMjA3fDB8MHxwaG90by1wYWdlfHx8fGVufDB8fHx8fA%3D%3D',42.74,'Burger','2025-09-14 00:14:30','2025-09-20 03:39:12'),(92,3,'Chicken Royale','Classic main courses with herbs.','https://images.unsplash.com/photo-1751698120377-740fa2d95763?q=80&w=1170&auto=format&fit=crop&ixlib=rb-4.1.0&ixid=M3wxMjA3fDB8MHxwaG90by1wYWdlfHx8fGVufDB8fHx8fA%3D%3D',13.31,'Burger','2025-09-14 00:14:30','2025-09-20 03:39:12'),(93,3,'Veggie King','Classic main courses with herbs.','https://images.unsplash.com/photo-1743187248570-dd1ac4640063?q=80&w=765&auto=format&fit=crop&ixlib=rb-4.1.0&ixid=M3wxMjA3fDB8MHxwaG90by1wYWdlfHx8fGVufDB8fHx8fA%3D%3D',23.32,'Burger','2025-09-14 00:14:30','2025-09-20 03:39:12'),(94,3,'Double Whopper','Classic main courses with herbs.','https://images.unsplash.com/photo-1599975744981-48d63c8f38af?q=80&w=1170&auto=format&fit=crop&ixlib=rb-4.1.0&ixid=M3wxMjA3fDB8MHxwaG90by1wYWdlfHx8fGVufDB8fHx8fA%3D%3D',26.69,'Burger','2025-09-14 00:14:30','2025-09-20 03:39:12'),(95,3,'Fries (M)','Classic main courses with herbs.','https://plus.unsplash.com/premium_photo-1683121324474-83460636b0ed?q=80&w=687&auto=format&fit=crop&ixlib=rb-4.1.0&ixid=M3wxMjA3fDB8MHxwaG90by1wYWdlfHx8fGVufDB8fHx8fA%3D%3D',13.46,'Side','2025-09-14 00:14:30','2025-09-20 03:39:12'),(96,3,'Onion Rings','Classic main courses with herbs.','https://images.unsplash.com/photo-1625938146369-adc83368bda7?q=80&w=1025&auto=format&fit=crop&ixlib=rb-4.1.0&ixid=M3wxMjA3fDB8MHxwaG90by1wYWdlfHx8fGVufDB8fHx8fA%3D%3D',27.26,'Side','2025-09-14 00:14:30','2025-09-20 03:39:12'),(97,3,'Chicken Nuggets (6 pcs)','Classic main courses with herbs.','https://images.unsplash.com/photo-1630825533852-796a8491c0ec?q=80&w=1170&auto=format&fit=crop&ixlib=rb-4.1.0&ixid=M3wxMjA3fDB8MHxwaG90by1wYWdlfHx8fGVufDB8fHx8fA%3D%3D',45.91,'Side','2025-09-14 00:14:30','2025-09-20 03:39:12'),(98,3,'King Salad','Classic main courses with herbs.','https://images.unsplash.com/photo-1643594477713-8ce5e36f7433?q=80&w=735&auto=format&fit=crop&ixlib=rb-4.1.0&ixid=M3wxMjA3fDB8MHxwaG90by1wYWdlfHx8fGVufDB8fHx8fA%3D%3D',7.78,'Salad','2025-09-14 00:14:30','2025-09-20 03:39:12'),(99,3,'BBQ Sauce Wings','Classic main courses with herbs.','https://images.unsplash.com/photo-1554306297-0c86e837d24b?q=80&w=1136&auto=format&fit=crop&ixlib=rb-4.1.0&ixid=M3wxMjA3fDB8MHxwaG90by1wYWdlfHx8fGVufDB8fHx8fA%3D%3D',31.16,'Starter','2025-09-14 00:14:30','2025-09-20 03:39:12'),(100,3,'Mozzarella Sticks','Classic main courses with herbs.','https://images.unsplash.com/photo-1623653387945-2fd25214f8fc?q=80&w=1170&auto=format&fit=crop&ixlib=rb-4.1.0&ixid=M3wxMjA3fDB8MHxwaG90by1wYWdlfHx8fGVufDB8fHx8fA%3D%3D',37.46,'Starter','2025-09-14 00:14:30','2025-09-20 03:39:12'),(101,3,'Chocolate Sundae','Sweet desserts and treats.','https://images.unsplash.com/photo-1648857529887-28d03f6774ea?w=500&auto=format&fit=crop&q=60&ixlib=rb-4.1.0&ixid=M3wxMjA3fDB8MHxzZWFyY2h8Mnx8Q2hvY29sYXRlJTIwU3VuZGFlfGVufDB8fDB8fHww',43.80,'Dessert','2025-09-14 00:14:30','2025-09-20 03:39:12'),(102,3,'Vanilla Shake (M)','Sweet desserts and treats.','https://images.unsplash.com/photo-1740103639723-87c39575b2c1?w=500&auto=format&fit=crop&q=60&ixlib=rb-4.1.0&ixid=M3wxMjA3fDB8MHxzZWFyY2h8M3x8VmFuaWxsYSUyMFNoYWtlJTIwKE0pfGVufDB8fDB8fHww',11.65,'Beverage','2025-09-14 00:14:30','2025-09-20 03:39:12'),(103,3,'Spicy Chicken Burger','Sweet desserts and treats.','https://images.unsplash.com/photo-1643111998354-07e7a780c92b?w=500&auto=format&fit=crop&q=60&ixlib=rb-4.1.0&ixid=M3wxMjA3fDB8MHxzZWFyY2h8Mnx8U3BpY3klMjBDaGlja2VuJTIwQnVyZ2VyfGVufDB8fDB8fHww',11.83,'Burger','2025-09-14 00:14:30','2025-09-20 03:39:12'),(104,3,'Fish Fillet Burger','Sweet desserts and treats.','https://images.unsplash.com/photo-1648580852350-3098af89f110?w=500&auto=format&fit=crop&q=60&ixlib=rb-4.1.0&ixid=M3wxMjA3fDB8MHxzZWFyY2h8NHx8U3BpY3klMjBDaGlja2VuJTIwQnVyZ2VyfGVufDB8fDB8fHww',19.20,'Burger','2025-09-14 00:14:30','2025-09-20 03:39:12'),(105,3,'Loaded Fries','Sweet desserts and treats.','https://images.unsplash.com/photo-1639744210631-209fce3e256c?w=500&auto=format&fit=crop&q=60&ixlib=rb-4.1.0&ixid=M3wxMjA3fDB8MHxzZWFyY2h8Mnx8TG9hZGVkJTIwRnJpZXN8ZW58MHx8MHx8fDA%3D',10.51,'Side','2025-09-14 00:14:30','2025-09-20 03:39:12'),(106,3,'BBQ Pulled Pork','Sweet desserts and treats.','https://images.unsplash.com/photo-1709457248718-91313ea7ed52?w=500&auto=format&fit=crop&q=60&ixlib=rb-4.1.0&ixid=M3wxMjA3fDB8MHxzZWFyY2h8M3x8QkJRJTIwUHVsbGVkJTIwUG9ya3xlbnwwfHwwfHx8MA%3D%3D',34.97,'Main','2025-09-14 00:14:30','2025-09-20 03:39:12'),(107,3,'Honey Mustard Dip','Sweet desserts and treats.','https://images.unsplash.com/photo-1654747780222-f5ce1c0dd567?w=500&auto=format&fit=crop&q=60&ixlib=rb-4.1.0&ixid=M3wxMjA3fDB8MHxzZWFyY2h8Mnx8SG9uZXklMjBNdXN0YXJkJTIwRGlwfGVufDB8fDB8fHww',48.31,'Sauce','2025-09-14 00:14:30','2025-09-20 03:39:12'),(108,3,'Iced Coffee (M)','Sweet desserts and treats.','https://images.unsplash.com/photo-1643974148852-eb1b092f4cf4?w=500&auto=format&fit=crop&q=60&ixlib=rb-4.1.0&ixid=M3wxMjA3fDB8MHxzZWFyY2h8Mnx8SWNlZCUyMENvZmZlZSUyMChNKXxlbnwwfHwwfHx8MA%3D%3D',41.62,'Beverage','2025-09-14 00:14:30','2025-09-20 03:39:12'),(109,13,'Salmon Nigiri','Sweet desserts and treats.','https://images.unsplash.com/photo-1732759959723-27f1ba1d1fa5?w=500&auto=format&fit=crop&q=60&ixlib=rb-4.1.0&ixid=M3wxMjA3fDB8MHxzZWFyY2h8M3x8U2FsbW9uJTIwTmlnaXJpfGVufDB8fDB8fHww',13.18,'Nigiri','2025-09-14 00:14:30','2025-09-20 03:39:12'),(110,13,'Tuna Sashimi','Sweet desserts and treats.','https://images.unsplash.com/photo-1638866381709-071747b518c8?w=500&auto=format&fit=crop&q=60&ixlib=rb-4.1.0&ixid=M3wxMjA3fDB8MHxzZWFyY2h8M3x8VHVuYSUyMFNhc2hpbWl8ZW58MHx8MHx8fDA%3D',26.04,'Sashimi','2025-09-14 00:14:30','2025-09-20 03:39:12'),(111,13,'California Roll','Sweet desserts and treats.','https://images.unsplash.com/photo-1559410545-0bdcd187e0a6?w=500&auto=format&fit=crop&q=60&ixlib=rb-4.1.0&ixid=M3wxMjA3fDB8MHxzZWFyY2h8Mnx8Q2FsaWZvcm5pYSUyMFJvbGx8ZW58MHx8MHx8fDA%3D',40.67,'Rolls','2025-09-14 00:14:30','2025-09-20 03:39:12'),(112,13,'Dragon Roll','Sweet desserts and treats.','https://images.unsplash.com/photo-1712192674556-4a89f20240c1?w=500&auto=format&fit=crop&q=60&ixlib=rb-4.1.0&ixid=M3wxMjA3fDB8MHxzZWFyY2h8Mnx8RHJhZ29uJTIwUm9sbHxlbnwwfHwwfHx8MA%3D%3D',30.20,'Rolls','2025-09-14 00:14:30','2025-09-20 03:39:12'),(113,13,'Shrimp Tempura Roll','Sweet desserts and treats.','https://plus.unsplash.com/premium_photo-1712949140529-203336f93d17?w=500&auto=format&fit=crop&q=60&ixlib=rb-4.1.0&ixid=M3wxMjA3fDB8MHxzZWFyY2h8MXx8U2hyaW1wJTIwVGVtcHVyYSUyMFJvbGx8ZW58MHx8MHx8fDA%3D',24.03,'Rolls','2025-09-14 00:14:30','2025-09-20 03:39:12'),(114,13,'Avocado Roll','Sweet desserts and treats.','https://images.unsplash.com/photo-1599253334678-5025a751a06a?w=500&auto=format&fit=crop&q=60&ixlib=rb-4.1.0&ixid=M3wxMjA3fDB8MHxzZWFyY2h8M3x8QXZvY2FkbyUyMFJvbGx8ZW58MHx8MHx8fDA%3D',24.52,'Rolls','2025-09-14 00:14:30','2025-09-20 03:39:12'),(115,13,'Miso Soup','Sweet desserts and treats.','https://images.unsplash.com/photo-1610393069309-2607fcf74146?w=500&auto=format&fit=crop&q=60&ixlib=rb-4.1.0&ixid=M3wxMjA3fDB8MHxzZWFyY2h8NHx8TWlzbyUyMFNvdXB8ZW58MHx8MHx8fDA%3D',45.53,'Soup','2025-09-14 00:14:30','2025-09-20 03:39:12'),(116,13,'Tamago Nigiri','Sweet desserts and treats.','https://images.unsplash.com/photo-1646602482554-6543198c539a?w=500&auto=format&fit=crop&q=60&ixlib=rb-4.1.0&ixid=M3wxMjA3fDB8MHxzZWFyY2h8M3x8VGFtYWdvJTIwTmlnaXJpfGVufDB8fDB8fHww',14.09,'Nigiri','2025-09-14 00:14:30','2025-09-20 03:39:12'),(117,13,'Eel Roll','Sweet desserts and treats.','https://images.unsplash.com/photo-1736885978380-8d7d9f7d7880?w=500&auto=format&fit=crop&q=60&ixlib=rb-4.1.0&ixid=M3wxMjA3fDB8MHxzZWFyY2h8Mnx8RWVsJTIwUm9sbHxlbnwwfHwwfHx8MA%3D%3D',18.85,'Rolls','2025-09-14 00:14:30','2025-09-20 03:39:12'),(118,13,'Spicy Tuna Roll','Sweet desserts and treats.','https://images.unsplash.com/photo-1556906918-c3071bd11598?w=500&auto=format&fit=crop&q=60&ixlib=rb-4.1.0&ixid=M3wxMjA3fDB8MHxzZWFyY2h8Mnx8U3BpY3klMjBUdW5hJTIwUm9sbHxlbnwwfHwwfHx8MA%3D%3D',47.00,'Rolls','2025-09-14 00:14:30','2025-09-20 03:39:12'),(119,13,'Unagi Don','Sweet desserts and treats.','https://images.unsplash.com/photo-1611261578804-438da578a3fa?w=500&auto=format&fit=crop&q=60&ixlib=rb-4.1.0&ixid=M3wxMjA3fDB8MHxzZWFyY2h8Mnx8VW5hZ2klMjBEb258ZW58MHx8MHx8fDA%3D',38.43,'Donburi','2025-09-14 00:14:30','2025-09-20 03:39:12'),(120,13,'Sake Sashimi','Sweet desserts and treats.','https://images.unsplash.com/photo-1747445666172-7f47b2776ae6?w=500&auto=format&fit=crop&q=60&ixlib=rb-4.1.0&ixid=M3wxMjA3fDB8MHxzZWFyY2h8M3x8c2FrZSUyMHNhc2hpbWl8ZW58MHx8MHx8fDA%3D',46.13,'Sashimi','2025-09-14 00:14:30','2025-09-20 03:39:12'),(121,13,'Matcha Ice Cream','Sweet desserts and treats.','https://images.unsplash.com/photo-1619857618359-6d31a33b5b36?w=500&auto=format&fit=crop&q=60&ixlib=rb-4.1.0&ixid=M3wxMjA3fDB8MHxzZWFyY2h8Mnx8TWF0Y2hhJTIwSWNlJTIwQ3JlYW18ZW58MHx8MHx8fDA%3D',20.40,'Dessert','2025-09-14 00:14:30','2025-09-20 03:39:12'),(122,13,'Green Tea','Sweet desserts and treats.','https://images.unsplash.com/photo-1695191499096-8a7ffe8d5b8e?w=500&auto=format&fit=crop&q=60&ixlib=rb-4.1.0&ixid=M3wxMjA3fDB8MHxzZWFyY2h8M3x8TWF0Y2hhJTIwSWNlJTIwQ3JlYW18ZW58MHx8MHx8fDA%3D',48.59,'Drink','2025-09-14 00:14:30','2025-09-20 03:39:12'),(123,14,'Caesar Salad','Sweet desserts and treats.','https://plus.unsplash.com/premium_photo-1700089483464-4f76cc3d360b?w=500&auto=format&fit=crop&q=60&ixlib=rb-4.1.0&ixid=M3wxMjA3fDB8MHxzZWFyY2h8MXx8Q2Flc2FyJTIwU2FsYWR8ZW58MHx8MHx8fDA%3D',41.75,'Salad','2025-09-14 00:14:30','2025-09-20 03:39:12'),(124,14,'Greek Salad','Sweet desserts and treats.','https://images.unsplash.com/photo-1669283714145-f97867f6c238?w=500&auto=format&fit=crop&q=60&ixlib=rb-4.1.0&ixid=M3wxMjA3fDB8MHxzZWFyY2h8M3x8Q2Flc2FyJTIwU2FsYWR8ZW58MHx8MHx8fDA%3D',12.99,'Salad','2025-09-14 00:14:30','2025-09-20 03:39:12'),(125,14,'Quinoa Bowl','Sweet desserts and treats.','https://images.unsplash.com/photo-1615865417491-9941019fbc00?w=500&auto=format&fit=crop&q=60&ixlib=rb-4.1.0&ixid=M3wxMjA3fDB8MHxzZWFyY2h8M3x8UXVpbm9hJTIwQm93bHxlbnwwfHwwfHx8MA%3D%3D',24.68,'Bowl','2025-09-14 00:14:30','2025-09-20 03:39:12'),(126,14,'Avocado Toast','Sweet desserts and treats.','https://images.unsplash.com/photo-1615865441757-e5328eb6a5ad?w=500&auto=format&fit=crop&q=60&ixlib=rb-4.1.0&ixid=M3wxMjA3fDB8MHxzZWFyY2h8Nnx8UXVpbm9hJTIwQm93bHxlbnwwfHwwfHx8MA%3D%3D',34.43,'Snack','2025-09-14 00:14:30','2025-09-20 03:39:12'),(127,14,'Vegan Buddha Bowl','Sweet desserts and treats.','https://images.unsplash.com/photo-1665674053062-4ff91c7204e6?w=500&auto=format&fit=crop&q=60&ixlib=rb-4.1.0&ixid=M3wxMjA3fDB8MHxzZWFyY2h8N3x8UXVpbm9hJTIwQm93bHxlbnwwfHwwfHx8MA%3D%3D',48.14,'Bowl','2025-09-14 00:14:30','2025-09-20 03:39:12'),(128,14,'Kale Smoothie','Sweet desserts and treats.','https://images.unsplash.com/photo-1648061930045-e9fdd171c052?w=500&auto=format&fit=crop&q=60&ixlib=rb-4.1.0&ixid=M3wxMjA3fDB8MHxzZWFyY2h8OHx8UXVpbm9hJTIwQm93bHxlbnwwfHwwfHx8MA%3D%3D',42.38,'Drink','2025-09-14 00:14:30','2025-09-20 03:39:12'),(129,14,'Lentil Soup','Sweet desserts and treats.','https://images.unsplash.com/photo-1552298013-de2af4b94854?w=500&auto=format&fit=crop&q=60&ixlib=rb-4.1.0&ixid=M3wxMjA3fDB8MHxzZWFyY2h8M3x8TGVudGlsJTIwU291cHxlbnwwfHwwfHx8MA%3D%3D',17.47,'Soup','2025-09-14 00:14:30','2025-09-20 03:39:12'),(130,14,'Chia Pudding','Sweet desserts and treats.','https://images.unsplash.com/photo-1642497394078-4794e837019c?w=500&auto=format&fit=crop&q=60&ixlib=rb-4.1.0&ixid=M3wxMjA3fDB8MHxzZWFyY2h8NHx8TGVudGlsJTIwU291cHxlbnwwfHwwfHx8MA%3D%3D',45.24,'Dessert','2025-09-14 00:14:30','2025-09-20 03:39:12'),(131,14,'Falafel Wrap','Sweet desserts and treats.','https://images.unsplash.com/photo-1756137949459-8aad8455d040?w=500&auto=format&fit=crop&q=60&ixlib=rb-4.1.0&ixid=M3wxMjA3fDB8MHxzZWFyY2h8N3x8RmFsYWZlbCUyMFdyYXB8ZW58MHx8MHx8fDA%3D',33.77,'Wrap','2025-09-14 00:14:30','2025-09-20 03:39:12'),(132,14,'Veggie Burger','Sweet desserts and treats.','https://images.unsplash.com/photo-1542554762515-82be5d8f0bfa?w=500&auto=format&fit=crop&q=60&ixlib=rb-4.1.0&ixid=M3wxMjA3fDB8MHxzZWFyY2h8Nnx8VmVnZ2llJTIwQnVyZ2VyfGVufDB8fDB8fHww',28.13,'Main','2025-09-14 00:14:30','2025-09-20 03:39:12'),(133,14,'Fresh Fruit Bowl','Sweet desserts and treats.','https://images.unsplash.com/photo-1629245476290-df54ace878fb?w=500&auto=format&fit=crop&q=60&ixlib=rb-4.1.0&ixid=M3wxMjA3fDB8MHxzZWFyY2h8Mnx8RnJlc2glMjBGcnVpdCUyMEJvd2x8ZW58MHx8MHx8fDA%3D',34.34,'Dessert','2025-09-14 00:14:30','2025-09-20 03:39:12'),(134,14,'Green Detox Juice','Sweet desserts and treats.','https://images.unsplash.com/photo-1649361730070-ea225ddf8c41?w=500&auto=format&fit=crop&q=60&ixlib=rb-4.1.0&ixid=M3wxMjA3fDB8MHxzZWFyY2h8M3x8R3JlZW4lMjBEZXRveCUyMEp1aWNlfGVufDB8fDB8fHww',37.31,'Drink','2025-09-14 00:14:30','2025-09-20 03:39:12'),(135,14,'Roasted Veggie Plate','Sweet desserts and treats.','https://images.unsplash.com/photo-1649361730070-ea225ddf8c41?w=500&auto=format&fit=crop&q=60&ixlib=rb-4.1.0&ixid=M3wxMjA3fDB8MHxzZWFyY2h8M3x8R3JlZW4lMjBEZXRveCUyMEp1aWNlfGVufDB8fDB8fHww',33.53,'Main','2025-09-14 00:14:30','2025-09-20 03:39:12'),(136,15,'Beef Taco','Sweet desserts and treats.','https://images.unsplash.com/photo-1687881063470-a78e6ea2590e?w=500&auto=format&fit=crop&q=60&ixlib=rb-4.1.0&ixid=M3wxMjA3fDB8MHxzZWFyY2h8MTh8fEJlZWYlMjBUYWNvfGVufDB8fDB8fHww',5.71,'Taco','2025-09-14 00:14:30','2025-09-20 03:39:12'),(137,15,'Chicken Taco','Sweet desserts and treats.','https://images.unsplash.com/photo-1734771041787-af3ed5ef75b5?w=500&auto=format&fit=crop&q=60&ixlib=rb-4.1.0&ixid=M3wxMjA3fDB8MHxzZWFyY2h8MTl8fEJlZWYlMjBUYWNvfGVufDB8fDB8fHww',12.98,'Taco','2025-09-14 00:14:30','2025-09-20 03:39:12'),(138,15,'Fish Taco','Sweet desserts and treats.','https://images.unsplash.com/photo-1636552550485-d18a8ca38daf?w=500&auto=format&fit=crop&q=60&ixlib=rb-4.1.0&ixid=M3wxMjA3fDB8MHxzZWFyY2h8MjB8fEJlZWYlMjBUYWNvfGVufDB8fDB8fHww',42.75,'Taco','2025-09-14 00:14:30','2025-09-20 03:39:12'),(139,15,'Veggie Taco','Sweet desserts and treats.','https://images.unsplash.com/photo-1633243279656-0157b0b3cdd8?w=500&auto=format&fit=crop&q=60&ixlib=rb-4.1.0&ixid=M3wxMjA3fDB8MHxzZWFyY2h8MTR8fEJlZWYlMjBUYWNvfGVufDB8fDB8fHww',34.81,'Taco','2025-09-14 00:14:30','2025-09-20 03:39:12'),(140,15,'Beef Burrito','Sweet desserts and treats.','https://images.unsplash.com/photo-1730878423239-0fd430bbac37?w=500&auto=format&fit=crop&q=60&ixlib=rb-4.1.0&ixid=M3wxMjA3fDB8MHxzZWFyY2h8MTJ8fEJlZWYlMjBUYWNvfGVufDB8fDB8fHww',40.78,'Burrito','2025-09-14 00:14:30','2025-09-20 03:39:12'),(141,15,'Chicken Burrito','Sweet desserts and treats.','https://images.unsplash.com/photo-1687585612388-3b9adf8bf078?w=500&auto=format&fit=crop&q=60&ixlib=rb-4.1.0&ixid=M3wxMjA3fDB8MHxzZWFyY2h8Nnx8QmVlZiUyMFRhY298ZW58MHx8MHx8fDA%3D',49.51,'Burrito','2025-09-14 00:14:30','2025-09-20 03:39:12'),(142,15,'Nachos Supreme','Sweet desserts and treats.','https://images.unsplash.com/photo-1640547587776-4d9256b6f6ed?w=500&auto=format&fit=crop&q=60&ixlib=rb-4.1.0&ixid=M3wxMjA3fDB8MHxzZWFyY2h8Mnx8TmFjaG9zJTIwU3VwcmVtZXxlbnwwfHwwfHx8MA%3D%3D',30.18,'Snack','2025-09-14 00:14:30','2025-09-20 03:39:12'),(143,15,'Quesadilla Cheese','Sweet desserts and treats.','https://images.unsplash.com/photo-1628838233717-be047a0b54fb?q=80&w=856&auto=format&fit=crop&ixlib=rb-4.1.0&ixid=M3wxMjA3fDB8MHxwaG90by1wYWdlfHx8fGVufDB8fHx8fA%3D%3D',42.38,'Main','2025-09-14 00:14:30','2025-09-20 03:39:12'),(144,15,'Guacamole','Sweet desserts and treats.','https://images.unsplash.com/photo-1595016111459-799a195e7452?w=500&auto=format&fit=crop&q=60&ixlib=rb-4.1.0&ixid=M3wxMjA3fDB8MHxzZWFyY2h8M3x8R3VhY2Ftb2xlfGVufDB8fDB8fHww',26.36,'Dip','2025-09-14 00:14:30','2025-09-20 03:39:12'),(145,15,'Churros','Sweet desserts and treats.','https://images.unsplash.com/photo-1624371414361-e670edf4898d?w=500&auto=format&fit=crop&q=60&ixlib=rb-4.1.0&ixid=M3wxMjA3fDB8MHxzZWFyY2h8Mnx8Q2h1cnJvc3xlbnwwfHwwfHx8MA%3D%3D',44.64,'Dessert','2025-09-14 00:14:30','2025-09-20 03:39:12'),(146,15,'Margarita','Sweet desserts and treats.','https://images.unsplash.com/photo-1678862656501-9bd5d0bf6de1?w=500&auto=format&fit=crop&q=60&ixlib=rb-4.1.0&ixid=M3wxMjA3fDB8MHxzZWFyY2h8Mnx8TWFyZ2FyaXRhfGVufDB8fDB8fHww',49.13,'Drink','2025-09-14 00:14:30','2025-09-20 03:39:12'),(147,16,'Spaghetti Carbonara','Sweet desserts and treats.','https://images.unsplash.com/photo-1588013273468-315fd88ea34c?w=500&auto=format&fit=crop&q=60&ixlib=rb-4.1.0&ixid=M3wxMjA3fDB8MHxzZWFyY2h8M3x8U3BhZ2hldHRpJTIwQ2FyYm9uYXJhfGVufDB8fDB8fHww',16.75,'Pasta','2025-09-14 00:14:30','2025-09-20 03:39:12'),(148,16,'Fettuccine Alfredo','Sweet desserts and treats.','https://images.unsplash.com/photo-1693609929945-b01ae4f2d602?w=500&auto=format&fit=crop&q=60&ixlib=rb-4.1.0&ixid=M3wxMjA3fDB8MHxzZWFyY2h8M3x8RmV0dHVjY2luZSUyMEFsZnJlZG98ZW58MHx8MHx8fDA%3D',21.33,'Pasta','2025-09-14 00:14:30','2025-09-20 03:39:12'),(149,16,'Penne Arrabiata','Sweet desserts and treats.','https://images.unsplash.com/photo-1628079251261-624e723b7326?w=500&auto=format&fit=crop&q=60&ixlib=rb-4.1.0&ixid=M3wxMjA3fDB8MHxzZWFyY2h8NHx8RmV0dHVjY2luZSUyMEFsZnJlZG98ZW58MHx8MHx8fDA%3D',6.41,'Pasta','2025-09-14 00:14:30','2025-09-20 03:39:12'),(150,16,'Lasagna Bolognese','Sweet desserts and treats.','https://images.unsplash.com/photo-1742845806756-9741a98d6a33?w=500&auto=format&fit=crop&q=60&ixlib=rb-4.1.0&ixid=M3wxMjA3fDB8MHxzZWFyY2h8Nnx8RmV0dHVjY2luZSUyMEFsZnJlZG98ZW58MHx8MHx8fDA%3D',8.04,'Main','2025-09-14 00:14:30','2025-09-20 03:39:12'),(151,16,'Ravioli Spinach Ricotta','Refreshing fruit smoothies and juices.','https://images.unsplash.com/photo-1547058606-7eb25508e7e0?w=500&auto=format&fit=crop&q=60&ixlib=rb-4.1.0&ixid=M3wxMjA3fDB8MHxzZWFyY2h8NHx8UmF2aW9saSUyMFNwaW5hY2glMjBSaWNvdHRhfGVufDB8fDB8fHww',15.99,'Pasta','2025-09-14 00:14:30','2025-09-20 03:39:12'),(152,16,'Seafood Linguine','Refreshing fruit smoothies and juices.','https://images.unsplash.com/photo-1655279561980-c72226ffe505?w=500&auto=format&fit=crop&q=60&ixlib=rb-4.1.0&ixid=M3wxMjA3fDB8MHxzZWFyY2h8Mnx8U2VhZm9vZCUyMExpbmd1aW5lfGVufDB8fDB8fHww',5.82,'Pasta','2025-09-14 00:14:30','2025-09-20 03:39:12'),(153,16,'Pesto Pasta','Refreshing fruit smoothies and juices.','https://images.unsplash.com/photo-1603894483228-9a3d10c32390?w=500&auto=format&fit=crop&q=60&ixlib=rb-4.1.0&ixid=M3wxMjA3fDB8MHxzZWFyY2h8N3x8U2VhZm9vZCUyMExpbmd1aW5lfGVufDB8fDB8fHww',21.12,'Pasta','2025-09-14 00:14:30','2025-09-20 03:39:12'),(154,16,'Bruschetta','Refreshing fruit smoothies and juices.','https://images.unsplash.com/photo-1572695157360-1153aaad020b?w=500&auto=format&fit=crop&q=60&ixlib=rb-4.1.0&ixid=M3wxMjA3fDB8MHxzZWFyY2h8M3x8QnJ1c2NoZXR0YXxlbnwwfHwwfHx8MA%3D%3D',38.16,'Starter','2025-09-14 00:14:30','2025-09-20 03:39:12'),(155,16,'Tiramisu','Refreshing fruit smoothies and juices.','https://images.unsplash.com/photo-1639744211487-b27e3551b07c?w=500&auto=format&fit=crop&q=60&ixlib=rb-4.1.0&ixid=M3wxMjA3fDB8MHxzZWFyY2h8M3x8VGlyYW1pc3V8ZW58MHx8MHx8fDA%3D',32.43,'Dessert','2025-09-14 00:14:30','2025-09-20 03:39:12'),(156,16,'Minestrone Soup','Refreshing fruit smoothies and juices.','https://images.unsplash.com/photo-1603105037880-880cd4edfb0d?w=500&auto=format&fit=crop&q=60&ixlib=rb-4.1.0&ixid=M3wxMjA3fDB8MHxzZWFyY2h8Mnx8TWluZXN0cm9uZSUyMFNvdXB8ZW58MHx8MHx8fDA%3D',42.66,'Soup','2025-09-14 00:14:30','2025-09-20 03:39:12'),(157,17,'Chicken Tikka Masala','Refreshing fruit smoothies and juices.','https://images.unsplash.com/photo-1603894584373-5ac82b2ae398?w=500&auto=format&fit=crop&q=60&ixlib=rb-4.1.0&ixid=M3wxMjA3fDB8MHxzZWFyY2h8M3x8Q2hpY2tlbiUyMFRpa2thJTIwTWFzYWxhfGVufDB8fDB8fHww',21.02,'Curry','2025-09-14 00:14:30','2025-09-20 03:39:12'),(158,17,'Lamb Rogan Josh','Refreshing fruit smoothies and juices.','https://images.unsplash.com/photo-1588166524941-3bf61a9c41db?w=500&auto=format&fit=crop&q=60&ixlib=rb-4.1.0&ixid=M3wxMjA3fDB8MHxzZWFyY2h8NHx8Q2hpY2tlbiUyMFRpa2thJTIwTWFzYWxhfGVufDB8fDB8fHww',17.12,'Curry','2025-09-14 00:14:30','2025-09-20 03:39:12'),(159,17,'Paneer Butter Masala','Refreshing fruit smoothies and juices.','https://images.unsplash.com/photo-1707448829764-9474458021ed?w=500&auto=format&fit=crop&q=60&ixlib=rb-4.1.0&ixid=M3wxMjA3fDB8MHxzZWFyY2h8Nnx8Q2hpY2tlbiUyMFRpa2thJTIwTWFzYWxhfGVufDB8fDB8fHww',17.52,'Curry','2025-09-14 00:14:30','2025-09-20 03:39:12'),(160,17,'Vegetable Korma','Refreshing fruit smoothies and juices.','https://images.unsplash.com/photo-1610057099443-fde8c4d50f91?w=500&auto=format&fit=crop&q=60&ixlib=rb-4.1.0&ixid=M3wxMjA3fDB8MHxzZWFyY2h8N3x8Q2hpY2tlbiUyMFRpa2thJTIwTWFzYWxhfGVufDB8fDB8fHww',31.25,'Curry','2025-09-14 00:14:30','2025-09-20 03:39:12'),(161,17,'Chicken Biryani','Refreshing fruit smoothies and juices.','https://images.unsplash.com/photo-1588166524941-3bf61a9c41db?w=500&auto=format&fit=crop&q=60&ixlib=rb-4.1.0&ixid=M3wxMjA3fDB8MHxzZWFyY2h8NHx8Q2hpY2tlbiUyMFRpa2thJTIwTWFzYWxhfGVufDB8fDB8fHww',8.67,'Rice','2025-09-14 00:14:30','2025-09-20 03:39:12'),(162,17,'Garlic Naan','Refreshing fruit smoothies and juices.','https://images.unsplash.com/photo-1725013936271-f2aca0da266f?w=500&auto=format&fit=crop&q=60&ixlib=rb-4.1.0&ixid=M3wxMjA3fDB8MHxzZWFyY2h8MTB8fENoaWNrZW4lMjBUaWtrYSUyME1hc2FsYXxlbnwwfHwwfHx8MA%3D%3D',34.63,'Bread','2025-09-14 00:14:30','2025-09-20 03:39:12'),(163,17,'Plain Roti','Refreshing fruit smoothies and juices.','https://images.unsplash.com/photo-1609889132708-e31330e6c7a4?w=500&auto=format&fit=crop&q=60&ixlib=rb-4.1.0&ixid=M3wxMjA3fDB8MHxzZWFyY2h8NHx8UGxhaW4lMjBSb3RpfGVufDB8fDB8fHww',7.13,'Bread','2025-09-14 00:14:30','2025-09-20 03:39:12'),(164,17,'Samosa','Refreshing fruit smoothies and juices.','https://images.unsplash.com/photo-1601050690294-397f3c324515?w=500&auto=format&fit=crop&q=60&ixlib=rb-4.1.0&ixid=M3wxMjA3fDB8MHxzZWFyY2h8N3x8U2Ftb3NhfGVufDB8fDB8fHww',16.75,'Starter','2025-09-14 00:14:30','2025-09-20 03:39:12'),(165,17,'Mango Lassi','Refreshing fruit smoothies and juices.','https://images.unsplash.com/photo-1732519970445-8f2d6998961f?w=500&auto=format&fit=crop&q=60&ixlib=rb-4.1.0&ixid=M3wxMjA3fDB8MHxzZWFyY2h8Nnx8U2Ftb3NhfGVufDB8fDB8fHww',12.36,'Drink','2025-09-14 00:14:30','2025-09-20 03:39:12'),(166,17,'Gulab Jamun','Refreshing fruit smoothies and juices.','https://images.unsplash.com/photo-1593701461250-d7b22dfd3a77?w=500&auto=format&fit=crop&q=60&ixlib=rb-4.1.0&ixid=M3wxMjA3fDB8MHxzZWFyY2h8M3x8R3VsYWIlMjBKYW11bnxlbnwwfHwwfHx8MA%3D%3D',6.56,'Dessert','2025-09-14 00:14:30','2025-09-20 03:39:12'),(167,18,'Classic Bagel with Cream Cheese','Refreshing fruit smoothies and juices.','https://images.unsplash.com/photo-1608100742430-b8c4b9bf1276?w=500&auto=format&fit=crop&q=60&ixlib=rb-4.1.0&ixid=M3wxMjA3fDB8MHxzZWFyY2h8M3x8Q2xhc3NpYyUyMEJhZ2VsJTIwd2l0aCUyMENyZWFtJTIwQ2hlZXNlfGVufDB8fDB8fHww',35.70,'Bagel','2025-09-14 00:14:30','2025-09-20 03:39:12'),(168,18,'Smoked Salmon Bagel','Refreshing fruit smoothies and juices.','https://images.unsplash.com/photo-1613152834526-30fd8ebd8b61?w=500&auto=format&fit=crop&q=60&ixlib=rb-4.1.0&ixid=M3wxMjA3fDB8MHxzZWFyY2h8M3x8U21va2VkJTIwU2FsbW9uJTIwQmFnZWx8ZW58MHx8MHx8fDA%3D',18.85,'Bagel','2025-09-14 00:14:30','2025-09-20 03:39:12'),(169,18,'Avocado Egg Bagel','Refreshing fruit smoothies and juices.','https://images.unsplash.com/photo-1719228748811-272c2df983af?w=500&auto=format&fit=crop&q=60&ixlib=rb-4.1.0&ixid=M3wxMjA3fDB8MHxzZWFyY2h8M3x8QXZvY2FkbyUyMEVnZyUyMEJhZ2VsfGVufDB8fDB8fHww',27.12,'Bagel','2025-09-14 00:14:30','2025-09-20 03:39:12'),(170,18,'Turkey Ham Bagel','Refreshing fruit smoothies and juices.','https://images.unsplash.com/photo-1733210438330-95dadd453e9f?w=500&auto=format&fit=crop&q=60&ixlib=rb-4.1.0&ixid=M3wxMjA3fDB8MHxzZWFyY2h8M3x8VHVya2V5JTIwSGFtJTIwQmFnZWx8ZW58MHx8MHx8fDA%3D',29.06,'Bagel','2025-09-14 00:14:30','2025-09-20 03:39:12'),(171,18,'Bagel Club Sandwich','Refreshing fruit smoothies and juices.','https://images.unsplash.com/photo-1686860794212-164e570439fc?w=500&auto=format&fit=crop&q=60&ixlib=rb-4.1.0&ixid=M3wxMjA3fDB8MHxzZWFyY2h8OHx8QmFnZWwlMjBDbHViJTIwU2FuZHdpY2h8ZW58MHx8MHx8fDA%3D',13.94,'Sandwich','2025-09-14 00:14:30','2025-09-20 03:39:12'),(172,18,'Cinnamon Raisin Bagel','Refreshing fruit smoothies and juices.','https://images.unsplash.com/photo-1603903631889-b5f3ba4d5b9b?w=500&auto=format&fit=crop&q=60&ixlib=rb-4.1.0&ixid=M3wxMjA3fDB8MHxzZWFyY2h8N3x8QmFnZWwlMjBDbHViJTIwU2FuZHdpY2h8ZW58MHx8MHx8fDA%3D',22.50,'Bagel','2025-09-14 00:14:30','2025-09-20 03:39:12'),(173,18,'Chocolate Bagel','Refreshing fruit smoothies and juices.','https://images.unsplash.com/photo-1727245243412-f141e3fa2340?w=500&auto=format&fit=crop&q=60&ixlib=rb-4.1.0&ixid=M3wxMjA3fDB8MHxzZWFyY2h8Mnx8Q2hvY29sYXRlJTIwQmFnZWx8ZW58MHx8MHx8fDA%3D',20.71,'Bagel','2025-09-14 00:14:30','2025-09-20 03:39:12'),(174,18,'Bagel with Nutella','Refreshing fruit smoothies and juices.','https://images.unsplash.com/photo-1756137949180-4e45fbfaf3bb?w=500&auto=format&fit=crop&q=60&ixlib=rb-4.1.0&ixid=M3wxMjA3fDB8MHxzZWFyY2h8NHx8QmFnZWwlMjB3aXRoJTIwTnV0ZWxsYXxlbnwwfHwwfHx8MA%3D%3D',31.02,'Bagel','2025-09-14 00:14:30','2025-09-20 03:39:12'),(175,18,'Bagel with Peanut Butter','Refreshing fruit smoothies and juices.','https://images.unsplash.com/photo-1606854429386-9df5ad2119c1?w=500&auto=format&fit=crop&q=60&ixlib=rb-4.1.0&ixid=M3wxMjA3fDB8MHxzZWFyY2h8Nnx8QmFnZWwlMjB3aXRoJTIwTnV0ZWxsYXxlbnwwfHwwfHx8MA%3D%3D',42.99,'Bagel','2025-09-14 00:14:30','2025-09-20 03:39:12'),(176,18,'Iced Coffee','Refreshing fruit smoothies and juices.','https://images.unsplash.com/photo-1658238613834-c227155cd7f4?w=500&auto=format&fit=crop&q=60&ixlib=rb-4.1.0&ixid=M3wxMjA3fDB8MHxzZWFyY2h8M3x8SWNlZCUyMENvZmZlZSU1Q3xlbnwwfHwwfHx8MA%3D%3D',26.88,'Drink','2025-09-14 00:14:30','2025-09-20 03:39:12'),(177,19,'BBQ Pork Ribs','Refreshing fruit smoothies and juices.','https://images.unsplash.com/photo-1719329466280-30d8a22e7cb5?w=500&auto=format&fit=crop&q=60&ixlib=rb-4.1.0&ixid=M3wxMjA3fDB8MHxzZWFyY2h8Nnx8QkJRJTIwUG9yayUyMFJpYnN8ZW58MHx8MHx8fDA%3D',45.45,'Main','2025-09-14 00:14:30','2025-09-20 03:39:12'),(178,19,'Grilled Chicken Wings','Refreshing fruit smoothies and juices.','https://images.unsplash.com/photo-1580917109855-6817741b51e4?w=500&auto=format&fit=crop&q=60&ixlib=rb-4.1.0&ixid=M3wxMjA3fDB8MHxzZWFyY2h8Mnx8R3JpbGxlZCUyMENoaWNrZW4lMjBXaW5nc3xlbnwwfHwwfHx8MA%3D%3D',6.60,'Main','2025-09-14 00:14:30','2025-09-20 03:39:12'),(179,19,'Beef Brisket','Refreshing fruit smoothies and juices.','https://images.unsplash.com/photo-1642331831229-b1ee1341ffff?w=500&auto=format&fit=crop&q=60&ixlib=rb-4.1.0&ixid=M3wxMjA3fDB8MHxzZWFyY2h8NHx8QmVlZiUyMEJyaXNrZXR8ZW58MHx8MHx8fDA%3D',26.65,'Main','2025-09-14 00:14:30','2025-09-20 03:39:12'),(180,19,'Pulled Pork Sandwich','Refreshing fruit smoothies and juices.','https://images.unsplash.com/photo-1580917109855-6817741b51e4?w=500&auto=format&fit=crop&q=60&ixlib=rb-4.1.0&ixid=M3wxMjA3fDB8MHxzZWFyY2h8Mnx8R3JpbGxlZCUyMENoaWNrZW4lMjBXaW5nc3xlbnwwfHwwfHx8MA%3D%3D',18.44,'Sandwich','2025-09-14 00:14:30','2025-09-20 03:39:12'),(181,19,'BBQ Sausage Platter','Refreshing fruit smoothies and juices.','https://images.unsplash.com/photo-1591266798549-32fa7cd32f45?w=500&auto=format&fit=crop&q=60&ixlib=rb-4.1.0&ixid=M3wxMjA3fDB8MHxzZWFyY2h8Mnx8TGVudGlsJTIwU291cHxlbnwwfHwwfHx8MA%3D%3D',7.24,'Main','2025-09-14 00:14:30','2025-09-20 03:39:12'),(182,19,'Cornbread','Refreshing fruit smoothies and juices.','https://images.unsplash.com/photo-1723321113703-40f2f309a024?w=500&auto=format&fit=crop&q=60&ixlib=rb-4.1.0&ixid=M3wxMjA3fDB8MHxzZWFyY2h8NHx8Q29ybmJyZWFkfGVufDB8fDB8fHww',20.90,'Side','2025-09-14 00:14:30','2025-09-20 03:39:12'),(183,19,'Coleslaw','Refreshing fruit smoothies and juices.','https://images.unsplash.com/photo-1580917109750-ee55942087c2?w=500&auto=format&fit=crop&q=60&ixlib=rb-4.1.0&ixid=M3wxMjA3fDB8MHxzZWFyY2h8Nnx8Q29sZXNsYXd8ZW58MHx8MHx8fDA%3D',32.78,'Side','2025-09-14 00:14:30','2025-09-20 03:39:12'),(184,19,'Mac and Cheese','Refreshing fruit smoothies and juices.','https://images.unsplash.com/photo-1667499989723-c4ab9549d63c?w=500&auto=format&fit=crop&q=60&ixlib=rb-4.1.0&ixid=M3wxMjA3fDB8MHxzZWFyY2h8Mnx8TWFjJTIwYW5kJTIwQ2hlZXNlfGVufDB8fDB8fHww',6.20,'Side','2025-09-14 00:14:30','2025-09-20 03:39:12'),(185,19,'BBQ Beans','Refreshing fruit smoothies and juices.','https://images.unsplash.com/photo-1580554530913-3241d593478d?w=500&auto=format&fit=crop&q=60&ixlib=rb-4.1.0&ixid=M3wxMjA3fDB8MHxzZWFyY2h8N3x8Q29sZXNsYXd8ZW58MHx8MHx8fDA%3D',17.67,'Side','2025-09-14 00:14:30','2025-09-20 03:39:12'),(186,19,'Iced Tea','Refreshing fruit smoothies and juices.','https://images.unsplash.com/photo-1499638673689-79a0b5115d87?w=500&auto=format&fit=crop&q=60&ixlib=rb-4.1.0&ixid=M3wxMjA3fDB8MHxzZWFyY2h8Mnx8SWNlZCUyMFRlYXxlbnwwfHwwfHx8MA%3D%3D',19.74,'Drink','2025-09-14 00:14:30','2025-09-20 03:39:12'),(187,20,'Vegan Burger','Refreshing fruit smoothies and juices.','https://images.unsplash.com/photo-1585238341267-1cfec2046a55?w=500&auto=format&fit=crop&q=60&ixlib=rb-4.1.0&ixid=M3wxMjA3fDB8MHxzZWFyY2h8Mnx8VmVnYW4lMjBCdXJnZXJ8ZW58MHx8MHx8fDA%3D',40.67,'Main','2025-09-14 00:14:30','2025-09-20 03:39:12'),(188,20,'Tofu Stir Fry','Refreshing fruit smoothies and juices.','https://images.unsplash.com/photo-1642331831229-b1ee1341ffff?w=500&auto=format&fit=crop&q=60&ixlib=rb-4.1.0&ixid=M3wxMjA3fDB8MHxzZWFyY2h8NHx8QmVlZiUyMEJyaXNrZXR8ZW58MHx8MHx8fDA%3D',49.16,'Main','2025-09-14 00:14:30','2025-09-20 03:39:12'),(189,20,'Vegan Pad Thai','Refreshing fruit smoothies and juices.','https://images.unsplash.com/photo-1675150277436-9c7348972c11?w=500&auto=format&fit=crop&q=60&ixlib=rb-4.1.0&ixid=M3wxMjA3fDB8MHxzZWFyY2h8Mnx8VmVnYW4lMjBQYWQlMjBUaGFpfGVufDB8fDB8fHww',28.77,'Main','2025-09-14 00:14:30','2025-09-20 03:39:12'),(190,20,'Chickpea Curry','Refreshing fruit smoothies and juices.','https://images.unsplash.com/photo-1582576163090-09d3b6f8a969?w=500&auto=format&fit=crop&q=60&ixlib=rb-4.1.0&ixid=M3wxMjA3fDB8MHxzZWFyY2h8M3x8Q2hpY2twZWElMjBDdXJyeXxlbnwwfHwwfHx8MA%3D%3D',36.37,'Main','2025-09-14 00:14:30','2025-09-20 03:39:12'),(191,20,'Vegan Sushi Roll','Refreshing fruit smoothies and juices.','https://images.unsplash.com/photo-1591266798549-32fa7cd32f45?w=500&auto=format&fit=crop&q=60&ixlib=rb-4.1.0&ixid=M3wxMjA3fDB8MHxzZWFyY2h8Mnx8TGVudGlsJTIwU291cHxlbnwwfHwwfHx8MA%3D%3D',45.54,'Main','2025-09-14 00:14:30','2025-09-20 03:39:12'),(192,20,'Lentil Soup','Refreshing fruit smoothies and juices.','https://images.unsplash.com/photo-1609595781576-1580ff3ee291?w=500&auto=format&fit=crop&q=60&ixlib=rb-4.1.0&ixid=M3wxMjA3fDB8MHxzZWFyY2h8NHx8Q2hpY2twZWElMjBDdXJyeXxlbnwwfHwwfHx8MA%3D%3D',23.60,'Soup','2025-09-14 00:14:30','2025-09-20 03:39:12'),(193,20,'Falafel Wrap','Refreshing fruit smoothies and juices.','https://images.unsplash.com/photo-1612831608150-b299da5a351b?q=80&w=687&auto=format&fit=crop&ixlib=rb-4.1.0&ixid=M3wxMjA3fDB8MHxwaG90by1wYWdlfHx8fGVufDB8fHx8fA%3D%3D',21.38,'Wrap','2025-09-14 00:14:30','2025-09-20 03:39:12'),(194,20,'Vegan Pancakes','Refreshing fruit smoothies and juices.','https://images.unsplash.com/photo-1612831608150-b299da5a351b?q=80&w=687&auto=format&fit=crop&ixlib=rb-4.1.0&ixid=M3wxMjA3fDB8MHxwaG90by1wYWdlfHx8fGVufDB8fHx8fA%3D%3D',31.11,'Dessert','2025-09-14 00:14:30','2025-09-20 03:39:12'),(195,20,'Green Smoothie','Refreshing fruit smoothies and juices.','https://images.unsplash.com/photo-1610622930110-3c076902312a?q=80&w=687&auto=format&fit=crop&ixlib=rb-4.1.0&ixid=M3wxMjA3fDB8MHxwaG90by1wYWdlfHx8fGVufDB8fHx8fA%3D%3D',41.40,'Drink','2025-09-14 00:14:30','2025-09-20 03:39:12'),(196,20,'Vegan Brownie','Refreshing fruit smoothies and juices.','https://images.unsplash.com/photo-1623428323955-a55e49629287?q=80&w=764&auto=format&fit=crop&ixlib=rb-4.1.0&ixid=M3wxMjA3fDB8MHxwaG90by1wYWdlfHx8fGVufDB8fHx8fA%3D%3D',18.68,'Dessert','2025-09-14 00:14:30','2025-09-20 03:39:12'),(197,4,'Margherita Pizza','Refreshing fruit smoothies and juices.','https://images.unsplash.com/photo-1541521804416-c930f499acb0?q=80&w=687&auto=format&fit=crop&ixlib=rb-4.1.0&ixid=M3wxMjA3fDB8MHxwaG90by1wYWdlfHx8fGVufDB8fHx8fA%3D%3D',9.20,'Pizza','2025-09-14 00:14:30','2025-09-20 03:39:12'),(198,4,'Pepperoni Pizza','Refreshing fruit smoothies and juices.','https://images.unsplash.com/photo-1541521804416-c930f499acb0?q=80&w=687&auto=format&fit=crop&ixlib=rb-4.1.0&ixid=M3wxMjA3fDB8MHxwaG90by1wYWdlfHx8fGVufDB8fHx8fA%3D%3D',29.96,'Pizza','2025-09-14 00:14:30','2025-09-20 03:39:12'),(199,4,'Cheese Burst Pizza','Refreshing fruit smoothies and juices.','https://images.unsplash.com/photo-1589264929791-3e104843c87b?q=80&w=743&auto=format&fit=crop&ixlib=rb-4.1.0&ixid=M3wxMjA3fDB8MHxwaG90by1wYWdlfHx8fGVufDB8fHx8fA%3D%3D',27.19,'Pizza','2025-09-14 00:14:30','2025-09-20 03:39:12'),(200,4,'BBQ Chicken Pizza','Refreshing fruit smoothies and juices.','https://images.unsplash.com/photo-1589264929791-3e104843c87b?q=80&w=743&auto=format&fit=crop&ixlib=rb-4.1.0&ixid=M3wxMjA3fDB8MHxwaG90by1wYWdlfHx8fGVufDB8fHx8fA%3D%3D',41.08,'Pizza','2025-09-14 00:14:30','2025-09-20 03:39:12'),(201,4,'Veggie Supreme Pizza','Grilled and stir-fried specialties.','https://images.unsplash.com/photo-1625320649549-72cc13eb2e26?q=80&w=703&auto=format&fit=crop&ixlib=rb-4.1.0&ixid=M3wxMjA3fDB8MHxwaG90by1wYWdlfHx8fGVufDB8fHx8fA%3D%3D',28.85,'Pizza','2025-09-14 00:14:30','2025-09-20 03:39:12'),(202,4,'Hawaiian Pizza','Grilled and stir-fried specialties.','https://images.unsplash.com/photo-1745031601360-b189f522ea90?q=80&w=1170&auto=format&fit=crop&ixlib=rb-4.1.0&ixid=M3wxMjA3fDB8MHxwaG90by1wYWdlfHx8fGVufDB8fHx8fA%3D%3D',15.97,'Pizza','2025-09-14 00:14:30','2025-09-20 03:39:12'),(203,4,'Garlic Bread','Grilled and stir-fried specialties.','https://images.unsplash.com/photo-1745031601360-b189f522ea90?q=80&w=1170&auto=format&fit=crop&ixlib=rb-4.1.0&ixid=M3wxMjA3fDB8MHxwaG90by1wYWdlfHx8fGVufDB8fHx8fA%3D%3D',33.33,'Starter','2025-09-14 00:14:30','2025-09-20 03:39:12'),(204,4,'Stuffed Crust Pizza','Grilled and stir-fried specialties.','https://images.unsplash.com/photo-1745031601360-b189f522ea90?q=80&w=1170&auto=format&fit=crop&ixlib=rb-4.1.0&ixid=M3wxMjA3fDB8MHxwaG90by1wYWdlfHx8fGVufDB8fHx8fA%3D%3D',23.72,'Pizza','2025-09-14 00:14:30','2025-09-20 03:39:12'),(205,4,'Tandoori Paneer Pizza','Grilled and stir-fried specialties.','https://images.unsplash.com/photo-1756137949282-dedb97b50b1a?q=80&w=687&auto=format&fit=crop&ixlib=rb-4.1.0&ixid=M3wxMjA3fDB8MHxwaG90by1wYWdlfHx8fGVufDB8fHx8fA%3D%3D',13.62,'Pizza','2025-09-14 00:14:30','2025-09-20 03:39:12'),(206,4,'Soft Drink','Grilled and stir-fried specialties.','https://plus.unsplash.com/premium_photo-1691939610599-a9a3dde8e810?q=80&w=725&auto=format&fit=crop&ixlib=rb-4.1.0&ixid=M3wxMjA3fDB8MHxwaG90by1wYWdlfHx8fGVufDB8fHx8fA%3D%3D',36.95,'Drink','2025-09-14 00:14:30','2025-09-20 03:39:12'),(207,7,'California Roll','Grilled and stir-fried specialties.','https://images.unsplash.com/photo-1625320649549-72cc13eb2e26?q=80&w=703&auto=format&fit=crop&ixlib=rb-4.1.0&ixid=M3wxMjA3fDB8MHxwaG90by1wYWdlfHx8fGVufDB8fHx8fA%3D%3D',48.90,'Sushi','2025-09-14 00:14:30','2025-09-20 03:39:12'),(208,7,'Salmon Nigiri','Grilled and stir-fried specialties.','https://images.unsplash.com/photo-1756137949282-dedb97b50b1a?q=80&w=687&auto=format&fit=crop&ixlib=rb-4.1.0&ixid=M3wxMjA3fDB8MHxwaG90by1wYWdlfHx8fGVufDB8fHx8fA%3D%3D',38.64,'Sushi','2025-09-14 00:14:30','2025-09-20 03:39:12'),(209,7,'Miso Soup','Grilled and stir-fried specialties.','https://images.unsplash.com/photo-1680137248903-7af5d51a3350?q=80&w=1170&auto=format&fit=crop&ixlib=rb-4.1.0&ixid=M3wxMjA3fDB8MHxwaG90by1wYWdlfHx8fGVufDB8fHx8fA%3D%3D',41.49,'Soup','2025-09-14 00:14:30','2025-09-20 03:39:12'),(210,7,'Margherita Pizza','Grilled and stir-fried specialties.','https://images.unsplash.com/photo-1756137949282-dedb97b50b1a?q=80&w=687&auto=format&fit=crop&ixlib=rb-4.1.0&ixid=M3wxMjA3fDB8MHxwaG90by1wYWdlfHx8fGVufDB8fHx8fA%3D%3D',41.52,'Pizza','2025-09-14 00:14:30','2025-09-20 03:39:12'),(211,7,'Pepperoni Pizza','Grilled and stir-fried specialties.','https://images.unsplash.com/photo-1561106241-70e5d37c4056?q=80&w=1170&auto=format&fit=crop&ixlib=rb-4.1.0&ixid=M3wxMjA3fDB8MHxwaG90by1wYWdlfHx8fGVufDB8fHx8fA%3D%3D',33.15,'Pizza','2025-09-14 00:14:30','2025-09-20 03:39:12'),(212,7,'Cheese Burst Pizza','Grilled and stir-fried specialties.','https://images.unsplash.com/photo-1561106241-70e5d37c4056?q=80&w=1170&auto=format&fit=crop&ixlib=rb-4.1.0&ixid=M3wxMjA3fDB8MHxwaG90by1wYWdlfHx8fGVufDB8fHx8fA%3D%3D',36.16,'Pizza','2025-09-14 00:14:30','2025-09-20 03:39:12'),(213,7,'BBQ Chicken Pizza','Grilled and stir-fried specialties.','https://images.unsplash.com/photo-1561106241-70e5d37c4056?q=80&w=1170&auto=format&fit=crop&ixlib=rb-4.1.0&ixid=M3wxMjA3fDB8MHxwaG90by1wYWdlfHx8fGVufDB8fHx8fA%3D%3D',31.38,'Pizza','2025-09-14 00:14:30','2025-09-20 03:39:12'),(214,7,'Veggie Supreme Pizza','Grilled and stir-fried specialties.','https://images.unsplash.com/photo-1632221622104-06557f3eee3c?q=80&w=1170&auto=format&fit=crop&ixlib=rb-4.1.0&ixid=M3wxMjA3fDB8MHxwaG90by1wYWdlfHx8fGVufDB8fHx8fA%3D%3D',43.40,'Pizza','2025-09-14 00:14:30','2025-09-20 03:39:12'),(215,7,'Hawaiian Pizza','Grilled and stir-fried specialties.','https://images.unsplash.com/photo-1751026044631-2aa676914b1b?q=80&w=1170&auto=format&fit=crop&ixlib=rb-4.1.0&ixid=M3wxMjA3fDB8MHxwaG90by1wYWdlfHx8fGVufDB8fHx8fA%3D%3D',27.88,'Pizza','2025-09-14 00:14:30','2025-09-20 03:39:12'),(216,7,'Garlic Bread','Grilled and stir-fried specialties.','https://images.unsplash.com/photo-1566843972705-1aad0ee32f88?q=80&w=1170&auto=format&fit=crop&ixlib=rb-4.1.0&ixid=M3wxMjA3fDB8MHxwaG90by1wYWdlfHx8fGVufDB8fHx8fA%3D%3D',49.20,'Starter','2025-09-14 00:14:30','2025-09-20 03:39:12'),(217,7,'Stuffed Crust Pizza','Grilled and stir-fried specialties.','https://images.unsplash.com/photo-1625320649549-72cc13eb2e26?q=80&w=703&auto=format&fit=crop&ixlib=rb-4.1.0&ixid=M3wxMjA3fDB8MHxwaG90by1wYWdlfHx8fGVufDB8fHx8fA%3D%3D',22.37,'Pizza','2025-09-14 00:14:30','2025-09-20 03:39:12'),(218,7,'Tandoori Paneer Pizza','Grilled and stir-fried specialties.','https://images.unsplash.com/photo-1625320649549-72cc13eb2e26?q=80&w=703&auto=format&fit=crop&ixlib=rb-4.1.0&ixid=M3wxMjA3fDB8MHxwaG90by1wYWdlfHx8fGVufDB8fHx8fA%3D%3D',49.24,'Pizza','2025-09-14 00:14:30','2025-09-20 03:39:12'),(219,7,'Soft Drink','Grilled and stir-fried specialties.','https://images.unsplash.com/photo-1625320649549-72cc13eb2e26?q=80&w=703&auto=format&fit=crop&ixlib=rb-4.1.0&ixid=M3wxMjA3fDB8MHxwaG90by1wYWdlfHx8fGVufDB8fHx8fA%3D%3D',39.08,'Drink','2025-09-14 00:14:30','2025-09-20 03:39:12'),(222,10,'California Roll','Grilled and stir-fried specialties.','https://images.unsplash.com/photo-1566843972705-1aad0ee32f88?q=80&w=1170&auto=format&fit=crop&ixlib=rb-4.1.0&ixid=M3wxMjA3fDB8MHxwaG90by1wYWdlfHx8fGVufDB8fHx8fA%3D%3D',42.68,'Sushi','2025-09-14 00:14:30','2025-09-20 03:39:12'),(223,10,'Salmon Nigiri','Grilled and stir-fried specialties.','https://images.unsplash.com/photo-1713761730664-e945ec03c3d5?q=80&w=1170&auto=format&fit=crop&ixlib=rb-4.1.0&ixid=M3wxMjA3fDB8MHxwaG90by1wYWdlfHx8fGVufDB8fHx8fA%3D%3D',46.14,'Sushi','2025-09-14 00:14:30','2025-09-20 03:39:12'),(224,10,'Miso Soup','Grilled and stir-fried specialties.','https://images.unsplash.com/photo-1625320649549-72cc13eb2e26?q=80&w=703&auto=format&fit=crop&ixlib=rb-4.1.0&ixid=M3wxMjA3fDB8MHxwaG90by1wYWdlfHx8fGVufDB8fHx8fA%3D%3D',7.69,'Soup','2025-09-14 00:14:30','2025-09-20 03:39:12'),(225,10,'Margherita Pizza','Grilled and stir-fried specialties.','https://images.unsplash.com/photo-1566843972705-1aad0ee32f88?q=80&w=1170&auto=format&fit=crop&ixlib=rb-4.1.0&ixid=M3wxMjA3fDB8MHxwaG90by1wYWdlfHx8fGVufDB8fHx8fA%3D%3D',30.02,'Pizza','2025-09-14 00:14:30','2025-09-20 03:39:12'),(226,10,'Pepperoni Pizza','Grilled and stir-fried specialties.','https://images.unsplash.com/photo-1625320649549-72cc13eb2e26?q=80&w=703&auto=format&fit=crop&ixlib=rb-4.1.0&ixid=M3wxMjA3fDB8MHxwaG90by1wYWdlfHx8fGVufDB8fHx8fA%3D%3D',32.04,'Pizza','2025-09-14 00:14:30','2025-09-20 03:39:12'),(227,10,'Cheese Burst Pizza','Grilled and stir-fried specialties.','https://images.unsplash.com/photo-1625320649549-72cc13eb2e26?q=80&w=703&auto=format&fit=crop&ixlib=rb-4.1.0&ixid=M3wxMjA3fDB8MHxwaG90by1wYWdlfHx8fGVufDB8fHx8fA%3D%3D',20.15,'Pizza','2025-09-14 00:14:30','2025-09-20 03:39:12'),(228,10,'BBQ Chicken Pizza','Grilled and stir-fried specialties.','https://images.unsplash.com/photo-1713761730664-e945ec03c3d5?q=80&w=1170&auto=format&fit=crop&ixlib=rb-4.1.0&ixid=M3wxMjA3fDB8MHxwaG90by1wYWdlfHx8fGVufDB8fHx8fA%3D%3D',44.64,'Pizza','2025-09-14 00:14:30','2025-09-20 03:39:12'),(229,10,'Veggie Supreme Pizza','Grilled and stir-fried specialties.','https://images.unsplash.com/photo-1625320649549-72cc13eb2e26?q=80&w=703&auto=format&fit=crop&ixlib=rb-4.1.0&ixid=M3wxMjA3fDB8MHxwaG90by1wYWdlfHx8fGVufDB8fHx8fA%3D%3D',22.71,'Pizza','2025-09-14 00:14:30','2025-09-20 03:39:12'),(230,10,'Hawaiian Pizza','Grilled and stir-fried specialties.','https://images.unsplash.com/photo-1619683548293-c74defe8d5d2?q=80&w=735&auto=format&fit=crop&ixlib=rb-4.1.0&ixid=M3wxMjA3fDB8MHxwaG90by1wYWdlfHx8fGVufDB8fHx8fA%3D%3D',19.66,'Pizza','2025-09-14 00:14:30','2025-09-20 03:39:12'),(231,10,'Garlic Bread','Grilled and stir-fried specialties.','https://images.unsplash.com/photo-1625320649549-72cc13eb2e26?q=80&w=703&auto=format&fit=crop&ixlib=rb-4.1.0&ixid=M3wxMjA3fDB8MHxwaG90by1wYWdlfHx8fGVufDB8fHx8fA%3D%3D',25.18,'Starter','2025-09-14 00:14:30','2025-09-20 03:39:12'),(232,10,'Stuffed Crust Pizza','Grilled and stir-fried specialties.','https://images.unsplash.com/photo-1625320649549-72cc13eb2e26?q=80&w=703&auto=format&fit=crop&ixlib=rb-4.1.0&ixid=M3wxMjA3fDB8MHxwaG90by1wYWdlfHx8fGVufDB8fHx8fA%3D%3D',16.91,'Pizza','2025-09-14 00:14:30','2025-09-20 03:39:12'),(233,10,'Tandoori Paneer Pizza','Grilled and stir-fried specialties.','https://images.unsplash.com/photo-1585238342107-49a3cdace47f?q=80&w=767&auto=format&fit=crop&ixlib=rb-4.1.0&ixid=M3wxMjA3fDB8MHxwaG90by1wYWdlfHx8fGVufDB8fHx8fA%3D%3D',49.00,'Pizza','2025-09-14 00:14:30','2025-09-20 03:39:12'),(234,10,'Soft Drink','Grilled and stir-fried specialties.','https://images.unsplash.com/photo-1581006852262-e4307cf6283a?q=80&w=687&auto=format&fit=crop&ixlib=rb-4.1.0&ixid=M3wxMjA3fDB8MHxwaG90by1wYWdlfHx8fGVufDB8fHx8fA%3D%3D',9.27,'Drink','2025-09-14 00:14:30','2025-09-20 03:39:12'),(237,5,'Garden Fresh Salad','Grilled and stir-fried specialties.','https://images.unsplash.com/photo-1720456764346-1abff7d43efe?q=80&w=1171&auto=format&fit=crop&ixlib=rb-4.1.0&ixid=M3wxMjA3fDB8MHxwaG90by1wYWdlfHx8fGVufDB8fHx8fA%3D%3D',29.35,'Salad','2025-09-14 00:14:30','2025-09-20 03:39:12'),(238,5,'Veggie Burger','Grilled and stir-fried specialties.','https://images.unsplash.com/photo-1720456764346-1abff7d43efe?q=80&w=1171&auto=format&fit=crop&ixlib=rb-4.1.0&ixid=M3wxMjA3fDB8MHxwaG90by1wYWdlfHx8fGVufDB8fHx8fA%3D%3D',23.95,'Burger','2025-09-14 00:14:30','2025-09-20 03:39:12'),(239,5,'Grilled Veggie Sandwich','Grilled and stir-fried specialties.','https://images.unsplash.com/photo-1566843972705-1aad0ee32f88?q=80&w=1170&auto=format&fit=crop&ixlib=rb-4.1.0&ixid=M3wxMjA3fDB8MHxwaG90by1wYWdlfHx8fGVufDB8fHx8fA%3D%3D',26.69,'Sandwich','2025-09-14 00:14:30','2025-09-20 03:39:12'),(240,5,'Tofu Stir Fry','Grilled and stir-fried specialties.','https://images.unsplash.com/photo-1619683548293-c74defe8d5d2?q=80&w=735&auto=format&fit=crop&ixlib=rb-4.1.0&ixid=M3wxMjA3fDB8MHxwaG90by1wYWdlfHx8fGVufDB8fHx8fA%3D%3D',11.60,'Main','2025-09-14 00:14:30','2025-09-20 03:39:12'),(241,5,'Veggie Wrap','Grilled and stir-fried specialties.','https://images.unsplash.com/photo-1585238342107-49a3cdace47f?q=80&w=767&auto=format&fit=crop&ixlib=rb-4.1.0&ixid=M3wxMjA3fDB8MHxwaG90by1wYWdlfHx8fGVufDB8fHx8fA%3D%3D',17.92,'Wrap','2025-09-14 00:14:30','2025-09-20 03:39:12'),(242,5,'Falafel Plate','Grilled and stir-fried specialties.','https://images.unsplash.com/photo-1643381360221-3372d055c1d8?q=80&w=765&auto=format&fit=crop&ixlib=rb-4.1.0&ixid=M3wxMjA3fDB8MHxwaG90by1wYWdlfHx8fGVufDB8fHx8fA%3D%3D',49.83,'Main','2025-09-14 00:14:30','2025-09-20 03:39:12'),(243,5,'Roasted Veggie Pizza','Grilled and stir-fried specialties.','https://images.unsplash.com/photo-1590301157284-ab2f8707bdc1?q=80&w=735&auto=format&fit=crop&ixlib=rb-4.1.0&ixid=M3wxMjA3fDB8MHxwaG90by1wYWdlfHx8fGVufDB8fHx8fA%3D%3D',10.37,'Pizza','2025-09-14 00:14:30','2025-09-20 03:39:12'),(244,5,'Smoothie Bowl','Grilled and stir-fried specialties.','https://images.unsplash.com/photo-1590301157411-8686d4a34f10?q=80&w=735&auto=format&fit=crop&ixlib=rb-4.1.0&ixid=M3wxMjA3fDB8MHxwaG90by1wYWdlfHx8fGVufDB8fHx8fA%3D%3D',32.37,'Dessert','2025-09-14 00:14:30','2025-09-20 03:39:12'),(245,5,'Vegan Brownie','Grilled and stir-fried specialties.','https://images.unsplash.com/photo-1610450624105-58a2f25f7911?q=80&w=715&auto=format&fit=crop&ixlib=rb-4.1.0&ixid=M3wxMjA3fDB8MHxwaG90by1wYWdlfHx8fGVufDB8fHx8fA%3D%3D',35.76,'Dessert','2025-09-14 00:14:30','2025-09-20 03:39:12'),(246,5,'Herbal Tea','Grilled and stir-fried specialties.','https://plus.unsplash.com/premium_photo-1663840135770-58d4145641de?q=80&w=687&auto=format&fit=crop&ixlib=rb-4.1.0&ixid=M3wxMjA3fDB8MHxwaG90by1wYWdlfHx8fGVufDB8fHx8fA%3D%3D',31.66,'Drink','2025-09-14 00:14:30','2025-09-20 03:39:12'),(247,8,'Quinoa Salad','Grilled and stir-fried specialties.','https://images.unsplash.com/photo-1638813133319-897c2e3eb13b?q=80&w=1171&auto=format&fit=crop&ixlib=rb-4.1.0&ixid=M3wxMjA3fDB8MHxwaG90by1wYWdlfHx8fGVufDB8fHx8fA%3D%3D',46.01,'Salad','2025-09-14 00:14:30','2025-09-20 03:39:12'),(248,8,'Veggie Smoothie','Grilled and stir-fried specialties.','https://images.unsplash.com/photo-1621797350488-fb28c9217e3b?q=80&w=687&auto=format&fit=crop&ixlib=rb-4.1.0&ixid=M3wxMjA3fDB8MHxwaG90by1wYWdlfHx8fGVufDB8fHx8fA%3D%3D',40.08,'Drink','2025-09-14 00:14:30','2025-09-20 03:39:12'),(249,8,'Garden Fresh Salad','Grilled and stir-fried specialties.','https://plus.unsplash.com/premium_photo-1694935557137-07ace0f9c8dc?q=80&w=687&auto=format&fit=crop&ixlib=rb-4.1.0&ixid=M3wxMjA3fDB8MHxwaG90by1wYWdlfHx8fGVufDB8fHx8fA%3D%3D',12.36,'Salad','2025-09-14 00:14:30','2025-09-20 03:39:12'),(250,8,'Veggie Burger','Grilled and stir-fried specialties.','https://images.unsplash.com/photo-1534352436920-f658b50b73fe?q=80&w=687&auto=format&fit=crop&ixlib=rb-4.1.0&ixid=M3wxMjA3fDB8MHxwaG90by1wYWdlfHx8fGVufDB8fHx8fA%3D%3D',26.59,'Burger','2025-09-14 00:14:30','2025-09-20 03:39:12'),(251,8,'Grilled Veggie Sandwich','Traditional noodle soups.','https://plus.unsplash.com/premium_photo-1663924211237-00c97c691601?q=80&w=687&auto=format&fit=crop&ixlib=rb-4.1.0&ixid=M3wxMjA3fDB8MHxwaG90by1wYWdlfHx8fGVufDB8fHx8fA%3D%3D',45.85,'Sandwich','2025-09-14 00:14:30','2025-09-20 03:39:12'),(252,8,'Tofu Stir Fry','Traditional noodle soups.','https://images.unsplash.com/photo-1590301156220-074867aa5108?q=80&w=736&auto=format&fit=crop&ixlib=rb-4.1.0&ixid=M3wxMjA3fDB8MHxwaG90by1wYWdlfHx8fGVufDB8fHx8fA%3D%3D',9.49,'Main','2025-09-14 00:14:30','2025-09-20 03:39:12'),(253,8,'Veggie Wrap','Traditional noodle soups.','https://images.unsplash.com/photo-1650562081163-a8e820a7f1aa?q=80&w=687&auto=format&fit=crop&ixlib=rb-4.1.0&ixid=M3wxMjA3fDB8MHxwaG90by1wYWdlfHx8fGVufDB8fHx8fA%3D%3D',39.91,'Wrap','2025-09-14 00:14:30','2025-09-20 03:39:12'),(254,8,'Falafel Plate','Traditional noodle soups.','https://images.unsplash.com/photo-1640126219893-6c869dbe9bd0?q=80&w=735&auto=format&fit=crop&ixlib=rb-4.1.0&ixid=M3wxMjA3fDB8MHxwaG90by1wYWdlfHx8fGVufDB8fHx8fA%3D%3D',31.08,'Main','2025-09-14 00:14:30','2025-09-20 03:39:12'),(255,8,'Roasted Veggie Pizza','Traditional noodle soups.','https://plus.unsplash.com/premium_photo-1663045783210-7d0d128c23ed?q=80&w=688&auto=format&fit=crop&ixlib=rb-4.1.0&ixid=M3wxMjA3fDB8MHxwaG90by1wYWdlfHx8fGVufDB8fHx8fA%3D%3D',30.66,'Pizza','2025-09-14 00:14:30','2025-09-20 03:39:12'),(256,8,'Smoothie Bowl','Traditional noodle soups.','https://images.unsplash.com/photo-1511909525232-61113c912358?q=80&w=1112&auto=format&fit=crop&ixlib=rb-4.1.0&ixid=M3wxMjA3fDB8MHxwaG90by1wYWdlfHx8fGVufDB8fHx8fA%3D%3D',10.06,'Dessert','2025-09-14 00:14:30','2025-09-20 03:39:12'),(257,8,'Vegan Brownie','Traditional noodle soups.','https://images.unsplash.com/photo-1623428323961-10cda02e3236?q=80&w=764&auto=format&fit=crop&ixlib=rb-4.1.0&ixid=M3wxMjA3fDB8MHxwaG90by1wYWdlfHx8fGVufDB8fHx8fA%3D%3D',43.32,'Dessert','2025-09-14 00:14:30','2025-09-20 03:39:12'),(258,8,'Herbal Tea','Traditional noodle soups.','https://images.unsplash.com/photo-1522924280870-56438a558308?q=80&w=687&auto=format&fit=crop&ixlib=rb-4.1.0&ixid=M3wxMjA3fDB8MHxwaG90by1wYWdlfHx8fGVufDB8fHx8fA%3D%3D',46.44,'Drink','2025-09-14 00:14:30','2025-09-20 03:39:12'),(262,11,'Quinoa Salad','Traditional noodle soups.','https://images.unsplash.com/photo-1623428187969-5da2dcea5ebf?q=80&w=764&auto=format&fit=crop&ixlib=rb-4.1.0&ixid=M3wxMjA3fDB8MHxwaG90by1wYWdlfHx8fGVufDB8fHx8fA%3D%3D',7.21,'Salad','2025-09-14 00:14:30','2025-09-20 03:39:12'),(263,11,'Veggie Smoothie','Traditional noodle soups.','https://images.unsplash.com/photo-1723245326663-451ff80f21c7?q=80&w=715&auto=format&fit=crop&ixlib=rb-4.1.0&ixid=M3wxMjA3fDB8MHxwaG90by1wYWdlfHx8fGVufDB8fHx8fA%3D%3D',26.75,'Drink','2025-09-14 00:14:30','2025-09-20 03:39:12'),(264,11,'Garden Fresh Salad','Traditional noodle soups.','https://images.unsplash.com/photo-1676300187140-00828e014d2a?q=80&w=1170&auto=format&fit=crop&ixlib=rb-4.1.0&ixid=M3wxMjA3fDB8MHxwaG90by1wYWdlfHx8fGVufDB8fHx8fA%3D%3D',17.09,'Salad','2025-09-14 00:14:30','2025-09-20 03:39:12'),(265,11,'Veggie Burger','Traditional noodle soups.','https://images.unsplash.com/photo-1676300187347-6f60002fd83e?q=80&w=1170&auto=format&fit=crop&ixlib=rb-4.1.0&ixid=M3wxMjA3fDB8MHxwaG90by1wYWdlfHx8fGVufDB8fHx8fA%3D%3D',45.23,'Burger','2025-09-14 00:14:30','2025-09-20 03:39:12'),(266,11,'Grilled Veggie Sandwich','Traditional noodle soups.','https://images.unsplash.com/photo-1655279562015-047c3da9a271?q=80&w=766&auto=format&fit=crop&ixlib=rb-4.1.0&ixid=M3wxMjA3fDB8MHxwaG90by1wYWdlfHx8fGVufDB8fHx8fA%3D%3D',34.87,'Sandwich','2025-09-14 00:14:30','2025-09-20 03:39:12'),(267,11,'Tofu Stir Fry','Traditional noodle soups.','https://images.unsplash.com/photo-1667185487417-c4ca98eb0352?q=80&w=1170&auto=format&fit=crop&ixlib=rb-4.1.0&ixid=M3wxMjA3fDB8MHxwaG90by1wYWdlfHx8fGVufDB8fHx8fA%3D%3D',33.64,'Main','2025-09-14 00:14:30','2025-09-20 03:39:12'),(268,11,'Veggie Wrap','Traditional noodle soups.','https://images.unsplash.com/photo-1630914441316-6d95bbd00caf?q=80&w=687&auto=format&fit=crop&ixlib=rb-4.1.0&ixid=M3wxMjA3fDB8MHxwaG90by1wYWdlfHx8fGVufDB8fHx8fA%3D%3D',13.60,'Wrap','2025-09-14 00:14:30','2025-09-20 03:39:12'),(269,11,'Falafel Plate','Traditional noodle soups.','https://images.unsplash.com/photo-1609090820067-a5c5195f18a9?q=80&w=1170&auto=format&fit=crop&ixlib=rb-4.1.0&ixid=M3wxMjA3fDB8MHxwaG90by1wYWdlfHx8fGVufDB8fHx8fA%3D%3D',7.09,'Main','2025-09-14 00:14:30','2025-09-20 03:39:12'),(270,11,'Roasted Veggie Pizza','Traditional noodle soups.','https://images.unsplash.com/photo-1589264929791-3e104843c87b?q=80&w=743&auto=format&fit=crop&ixlib=rb-4.1.0&ixid=M3wxMjA3fDB8MHxwaG90by1wYWdlfHx8fGVufDB8fHx8fA%3D%3D',34.65,'Pizza','2025-09-14 00:14:30','2025-09-20 03:39:12'),(271,11,'Smoothie Bowl','Traditional noodle soups.','https://images.unsplash.com/photo-1627308594190-a057cd4bfac8?q=80&w=736&auto=format&fit=crop&ixlib=rb-4.1.0&ixid=M3wxMjA3fDB8MHxwaG90by1wYWdlfHx8fGVufDB8fHx8fA%3D%3D',11.99,'Dessert','2025-09-14 00:14:30','2025-09-20 03:39:12'),(272,11,'Vegan Brownie','Traditional noodle soups.','https://images.unsplash.com/photo-1623428323429-cf7a1f3872fa?q=80&w=764&auto=format&fit=crop&ixlib=rb-4.1.0&ixid=M3wxMjA3fDB8MHxwaG90by1wYWdlfHx8fGVufDB8fHx8fA%3D%3D',41.01,'Dessert','2025-09-14 00:14:30','2025-09-20 03:39:12'),(273,11,'Herbal Tea','Traditional noodle soups.','https://images.unsplash.com/photo-1615205597144-5c7c885291d2?q=80&w=708&auto=format&fit=crop&ixlib=rb-4.1.0&ixid=M3wxMjA3fDB8MHxwaG90by1wYWdlfHx8fGVufDB8fHx8fA%3D%3D',29.06,'Drink','2025-09-14 00:14:30','2025-09-20 03:39:12'),(277,6,'Whopper Burger','Traditional noodle soups.','https://images.unsplash.com/photo-1521305916504-4a1121188589?q=80&w=880&auto=format&fit=crop&ixlib=rb-4.1.0&ixid=M3wxMjA3fDB8MHxwaG90by1wYWdlfHx8fGVufDB8fHx8fA%3D%3D',17.25,'Burger','2025-09-14 00:14:30','2025-09-20 03:39:12'),(278,6,'Cheese Burger','Traditional noodle soups.','https://images.unsplash.com/photo-1512152272829-e3139592d56f?q=80&w=1170&auto=format&fit=crop&ixlib=rb-4.1.0&ixid=M3wxMjA3fDB8MHxwaG90by1wYWdlfHx8fGVufDB8fHx8fA%3D%3D',39.11,'Burger','2025-09-14 00:14:30','2025-09-20 03:39:12'),(279,6,'Chicken Burger','Traditional noodle soups.','https://images.unsplash.com/photo-1542574271-7f3b92e6c821?q=80&w=687&auto=format&fit=crop&ixlib=rb-4.1.0&ixid=M3wxMjA3fDB8MHxwaG90by1wYWdlfHx8fGVufDB8fHx8fA%3D%3D',48.77,'Burger','2025-09-14 00:14:30','2025-09-20 03:39:12'),(280,6,'Bacon Burger','Traditional noodle soups.','https://images.unsplash.com/photo-1619810816144-223f5b027aea?q=80&w=687&auto=format&fit=crop&ixlib=rb-4.1.0&ixid=M3wxMjA3fDB8MHxwaG90by1wYWdlfHx8fGVufDB8fHx8fA%3D%3D',31.53,'Burger','2025-09-14 00:14:30','2025-09-20 03:39:12'),(281,6,'Double Whopper','Traditional noodle soups.','https://images.unsplash.com/photo-1581966626689-b63d790b3d49?q=80&w=1170&auto=format&fit=crop&ixlib=rb-4.1.0&ixid=M3wxMjA3fDB8MHxwaG90by1wYWdlfHx8fGVufDB8fHx8fA%3D%3D',6.33,'Burger','2025-09-14 00:14:30','2025-09-20 03:39:12'),(282,6,'Crispy Fries','Traditional noodle soups.','https://images.unsplash.com/photo-1724352476668-6cbd99da2d6b?q=80&w=1170&auto=format&fit=crop&ixlib=rb-4.1.0&ixid=M3wxMjA3fDB8MHxwaG90by1wYWdlfHx8fGVufDB8fHx8fA%3D%3D',22.05,'Side','2025-09-14 00:14:30','2025-09-20 03:39:12'),(283,6,'Onion Rings','Traditional noodle soups.','https://images.unsplash.com/photo-1652209911920-2700fcbd5011?q=80&w=692&auto=format&fit=crop&ixlib=rb-4.1.0&ixid=M3wxMjA3fDB8MHxwaG90by1wYWdlfHx8fGVufDB8fHx8fA%3D%3D',41.26,'Side','2025-09-14 00:14:30','2025-09-20 03:39:12'),(284,6,'Chicken Nuggets','Traditional noodle soups.','https://images.unsplash.com/photo-1619096956056-156cb75dccb8?q=80&w=1025&auto=format&fit=crop&ixlib=rb-4.1.0&ixid=M3wxMjA3fDB8MHxwaG90by1wYWdlfHx8fGVufDB8fHx8fA%3D%3D',45.17,'Side','2025-09-14 00:14:30','2025-09-20 03:39:12'),(285,6,'Sundae Ice Cream','Traditional noodle soups.','https://images.unsplash.com/photo-1638176474160-10b700d32f25?q=80&w=687&auto=format&fit=crop&ixlib=rb-4.1.0&ixid=M3wxMjA3fDB8MHxwaG90by1wYWdlfHx8fGVufDB8fHx8fA%3D%3D',7.07,'Dessert','2025-09-14 00:14:30','2025-09-20 03:39:12'),(286,6,'Soft Drink','Traditional noodle soups.','https://images.unsplash.com/photo-1731307621661-7dddfb952e98?q=80&w=1170&auto=format&fit=crop&ixlib=rb-4.1.0&ixid=M3wxMjA3fDB8MHxwaG90by1wYWdlfHx8fGVufDB8fHx8fA%3D%3D',29.83,'Drink','2025-09-14 00:14:30','2025-09-20 03:39:12'),(287,9,'Taco Al Pastor','Traditional noodle soups.','https://images.unsplash.com/photo-1542574271-7f3b92e6c821?q=80&w=687&auto=format&fit=crop&ixlib=rb-4.1.0&ixid=M3wxMjA3fDB8MHxwaG90by1wYWdlfHx8fGVufDB8fHx8fA%3D%3D',32.93,'Taco','2025-09-14 00:14:30','2025-09-20 03:39:12'),(288,9,'Beef Taco','Traditional noodle soups.','https://images.unsplash.com/photo-1619221882161-95135fca04e4?q=80&w=1170&auto=format&fit=crop&ixlib=rb-4.1.0&ixid=M3wxMjA3fDB8MHxwaG90by1wYWdlfHx8fGVufDB8fHx8fA%3D%3D',25.17,'Taco','2025-09-14 00:14:30','2025-09-20 03:39:12'),(289,9,'Whopper Burger','Traditional noodle soups.','https://images.unsplash.com/photo-1551782450-a2132b4ba21d?q=80&w=1169&auto=format&fit=crop&ixlib=rb-4.1.0&ixid=M3wxMjA3fDB8MHxwaG90by1wYWdlfHx8fGVufDB8fHx8fA%3D%3D',22.07,'Burger','2025-09-14 00:14:30','2025-09-20 03:39:12'),(290,9,'Cheese Burger','Traditional noodle soups.','https://images.unsplash.com/photo-1724352476668-6cbd99da2d6b?q=80&w=1170&auto=format&fit=crop&ixlib=rb-4.1.0&ixid=M3wxMjA3fDB8MHxwaG90by1wYWdlfHx8fGVufDB8fHx8fA%3D%3D',29.84,'Burger','2025-09-14 00:14:30','2025-09-20 03:39:12'),(291,9,'Chicken Burger','Traditional noodle soups.','https://images.unsplash.com/photo-1619096956056-156cb75dccb8?q=80&w=1025&auto=format&fit=crop&ixlib=rb-4.1.0&ixid=M3wxMjA3fDB8MHxwaG90by1wYWdlfHx8fGVufDB8fHx8fA%3D%3D',32.99,'Burger','2025-09-14 00:14:30','2025-09-20 03:39:12'),(292,9,'Bacon Burger','Traditional noodle soups.','https://images.unsplash.com/photo-1592887774222-f7f78818a60e?q=80&w=687&auto=format&fit=crop&ixlib=rb-4.1.0&ixid=M3wxMjA3fDB8MHxwaG90by1wYWdlfHx8fGVufDB8fHx8fA%3D%3D',25.42,'Burger','2025-09-14 00:14:30','2025-09-20 03:39:12'),(293,9,'Double Whopper','Traditional noodle soups.','https://images.unsplash.com/photo-1592887774222-f7f78818a60e?q=80&w=687&auto=format&fit=crop&ixlib=rb-4.1.0&ixid=M3wxMjA3fDB8MHxwaG90by1wYWdlfHx8fGVufDB8fHx8fA%3D%3D',23.15,'Burger','2025-09-14 00:14:30','2025-09-20 03:39:12'),(294,9,'Crispy Fries','Traditional noodle soups.','https://images.unsplash.com/photo-1714651620426-1ae32ca6b418?q=80&w=687&auto=format&fit=crop&ixlib=rb-4.1.0&ixid=M3wxMjA3fDB8MHxwaG90by1wYWdlfHx8fGVufDB8fHx8fA%3D%3D',34.49,'Side','2025-09-14 00:14:30','2025-09-20 03:39:12'),(295,9,'Onion Rings','Traditional noodle soups.','https://images.unsplash.com/photo-1639024471283-03518883512d?q=80&w=687&auto=format&fit=crop&ixlib=rb-4.1.0&ixid=M3wxMjA3fDB8MHxwaG90by1wYWdlfHx8fGVufDB8fHx8fA%3D%3D',8.00,'Side','2025-09-14 00:14:30','2025-09-20 03:39:12'),(296,9,'Chicken Nuggets','Traditional noodle soups.','https://images.unsplash.com/photo-1521305916504-4a1121188589?q=80&w=880&auto=format&fit=crop&ixlib=rb-4.1.0&ixid=M3wxMjA3fDB8MHxwaG90by1wYWdlfHx8fGVufDB8fHx8fA%3D%3D',21.52,'Side','2025-09-14 00:14:30','2025-09-20 03:39:12'),(297,9,'Sundae Ice Cream','Traditional noodle soups.','https://images.unsplash.com/photo-1512152272829-e3139592d56f?q=80&w=1170&auto=format&fit=crop&ixlib=rb-4.1.0&ixid=M3wxMjA3fDB8MHxwaG90by1wYWdlfHx8fGVufDB8fHx8fA%3D%3D',33.61,'Dessert','2025-09-14 00:14:30','2025-09-20 03:39:12'),(298,9,'Soft Drink','Traditional noodle soups.','https://images.unsplash.com/photo-1628200508115-3f23c3be57b3?q=80&w=735&auto=format&fit=crop&ixlib=rb-4.1.0&ixid=M3wxMjA3fDB8MHxwaG90by1wYWdlfHx8fGVufDB8fHx8fA%3D%3D',8.48,'Drink','2025-09-14 00:14:30','2025-09-20 03:39:12'),(302,12,'Taco Al Pastor','Special Vietnamese sandwiches and rolls.','https://images.unsplash.com/photo-1512152272829-e3139592d56f?q=80&w=1170&auto=format&fit=crop&ixlib=rb-4.1.0&ixid=M3wxMjA3fDB8MHxwaG90by1wYWdlfHx8fGVufDB8fHx8fA%3D%3D',26.58,'Taco','2025-09-14 00:14:30','2025-09-20 03:39:12'),(303,12,'Beef Taco','Special Vietnamese sandwiches and rolls.','https://images.unsplash.com/photo-1460306855393-0410f61241c7?q=80&w=1173&auto=format&fit=crop&ixlib=rb-4.1.0&ixid=M3wxMjA3fDB8MHxwaG90by1wYWdlfHx8fGVufDB8fHx8fA%3D%3D',12.47,'Taco','2025-09-14 00:14:30','2025-09-20 03:39:12'),(304,12,'Whopper Burger','Special Vietnamese sandwiches and rolls.','https://images.unsplash.com/photo-1568901346375-23c9450c58cd?q=80&w=999&auto=format&fit=crop&ixlib=rb-4.1.0&ixid=M3wxMjA3fDB8MHxwaG90by1wYWdlfHx8fGVufDB8fHx8fA%3D%3D',22.61,'Burger','2025-09-14 00:14:30','2025-09-20 03:39:12'),(305,12,'Cheese Burger','Special Vietnamese sandwiches and rolls.','https://images.unsplash.com/photo-1586190848861-99aa4a171e90?q=80&w=880&auto=format&fit=crop&ixlib=rb-4.1.0&ixid=M3wxMjA3fDB8MHxwaG90by1wYWdlfHx8fGVufDB8fHx8fA%3D%3D',25.64,'Burger','2025-09-14 00:14:30','2025-09-20 03:39:12'),(306,12,'Chicken Burger','Special Vietnamese sandwiches and rolls.','https://images.unsplash.com/photo-1572802419224-296b0aeee0d9?q=80&w=1115&auto=format&fit=crop&ixlib=rb-4.1.0&ixid=M3wxMjA3fDB8MHxwaG90by1wYWdlfHx8fGVufDB8fHx8fA%3D%3D',10.35,'Burger','2025-09-14 00:14:30','2025-09-20 03:39:12'),(307,12,'Bacon Burger','Special Vietnamese sandwiches and rolls.','https://images.unsplash.com/photo-1571091718767-18b5b1457add?q=80&w=1172&auto=format&fit=crop&ixlib=rb-4.1.0&ixid=M3wxMjA3fDB8MHxwaG90by1wYWdlfHx8fGVufDB8fHx8fA%3D%3D',14.83,'Burger','2025-09-14 00:14:30','2025-09-20 03:39:12'),(308,12,'Double Whopper','Special Vietnamese sandwiches and rolls.','https://images.unsplash.com/photo-1610440042657-612c34d95e9f?q=80&w=687&auto=format&fit=crop&ixlib=rb-4.1.0&ixid=M3wxMjA3fDB8MHxwaG90by1wYWdlfHx8fGVufDB8fHx8fA%3D%3D',38.13,'Burger','2025-09-14 00:14:30','2025-09-20 03:39:12'),(309,12,'Crispy Fries','Special Vietnamese sandwiches and rolls.','https://images.unsplash.com/photo-1508737027454-e6454ef45afd?q=80&w=686&auto=format&fit=crop&ixlib=rb-4.1.0&ixid=M3wxMjA3fDB8MHxwaG90by1wYWdlfHx8fGVufDB8fHx8fA%3D%3D',6.14,'Side','2025-09-14 00:14:30','2025-09-20 03:39:12'),(310,12,'Onion Rings','Special Vietnamese sandwiches and rolls.','https://images.unsplash.com/photo-1549611016-3a70d82b5040?q=80&w=1130&auto=format&fit=crop&ixlib=rb-4.1.0&ixid=M3wxMjA3fDB8MHxwaG90by1wYWdlfHx8fGVufDB8fHx8fA%3D%3D',46.31,'Side','2025-09-14 00:14:30','2025-09-20 03:39:12'),(311,12,'Chicken Nuggets','Special Vietnamese sandwiches and rolls.','https://images.unsplash.com/photo-1610440042657-612c34d95e9f?q=80&w=687&auto=format&fit=crop&ixlib=rb-4.1.0&ixid=M3wxMjA3fDB8MHxwaG90by1wYWdlfHx8fGVufDB8fHx8fA%3D%3D',28.13,'Side','2025-09-14 00:14:30','2025-09-20 03:39:12'),(312,12,'Sundae Ice Cream','Special Vietnamese sandwiches and rolls.','https://images.unsplash.com/photo-1655729916021-b86d137bffd2?q=80&w=749&auto=format&fit=crop&ixlib=rb-4.1.0&ixid=M3wxMjA3fDB8MHxwaG90by1wYWdlfHx8fGVufDB8fHx8fA%3D%3D',41.70,'Dessert','2025-09-14 00:14:30','2025-09-20 03:39:12'),(313,12,'Soft Drink','Special Vietnamese sandwiches and rolls.','https://images.unsplash.com/photo-1526424382096-74a93e105682?q=80&w=687&auto=format&fit=crop&ixlib=rb-4.1.0&ixid=M3wxMjA3fDB8MHxwaG90by1wYWdlfHx8fGVufDB8fHx8fA%3D%3D',29.13,'Drink','2025-09-14 00:14:30','2025-09-20 03:39:12'),(317,21,'Beef Ramen','Special Vietnamese sandwiches and rolls.','https://images.unsplash.com/photo-1632057153728-9ee20b615f8d?q=80&w=1331&auto=format&fit=crop&ixlib=rb-4.1.0&ixid=M3wxMjA3fDB8MHxwaG90by1wYWdlfHx8fGVufDB8fHx8fA%3D%3D',15.54,'Noodles','2025-09-14 00:14:30','2025-09-20 03:39:12'),(318,21,'Chicken Udon','Special Vietnamese sandwiches and rolls.','https://images.unsplash.com/photo-1708607546261-e8a945cc15e6?q=80&w=671&auto=format&fit=crop&ixlib=rb-4.1.0&ixid=M3wxMjA3fDB8MHxwaG90by1wYWdlfHx8fGVufDB8fHx8fA%3D%3D',30.30,'Noodles','2025-09-14 00:14:30','2025-09-20 03:39:12'),(319,21,'Seafood Pho','Special Vietnamese sandwiches and rolls.','https://images.unsplash.com/photo-1708771862265-f54741c65a89?q=80&w=686&auto=format&fit=crop&ixlib=rb-4.1.0&ixid=M3wxMjA3fDB8MHxwaG90by1wYWdlfHx8fGVufDB8fHx8fA%3D%3D',9.88,'Noodles','2025-09-14 00:14:30','2025-09-20 03:39:12'),(320,21,'Spicy Miso Ramen','Special Vietnamese sandwiches and rolls.','https://images.unsplash.com/photo-1641715840055-ab8a6916040b?q=80&w=1170&auto=format&fit=crop&ixlib=rb-4.1.0&ixid=M3wxMjA3fDB8MHxwaG90by1wYWdlfHx8fGVufDB8fHx8fA%3D%3D',43.50,'Noodles','2025-09-14 00:14:30','2025-09-20 03:39:12'),(321,21,'Pad Thai','Special Vietnamese sandwiches and rolls.','https://images.unsplash.com/photo-1637806930600-37fa8892069d?q=80&w=685&auto=format&fit=crop&ixlib=rb-4.1.0&ixid=M3wxMjA3fDB8MHxwaG90by1wYWdlfHx8fGVufDB8fHx8fA%3D%3D',47.86,'Noodles','2025-09-14 00:14:30','2025-09-20 03:39:12'),(322,21,'Lo Mein','Special Vietnamese sandwiches and rolls.','https://images.unsplash.com/photo-1655091273851-7bdc2e578a88?q=80&w=1074&auto=format&fit=crop&ixlib=rb-4.1.0&ixid=M3wxMjA3fDB8MHxwaG90by1wYWdlfHx8fGVufDB8fHx8fA%3D%3D',13.82,'Noodles','2025-09-14 00:14:30','2025-09-20 03:39:12'),(323,21,'Vegetable Chow Mein','Special Vietnamese sandwiches and rolls.','https://images.unsplash.com/photo-1641715850737-95e767faebb9?q=80&w=1170&auto=format&fit=crop&ixlib=rb-4.1.0&ixid=M3wxMjA3fDB8MHxwaG90by1wYWdlfHx8fGVufDB8fHx8fA%3D%3D',10.52,'Noodles','2025-09-14 00:14:30','2025-09-20 03:39:12'),(324,21,'Cold Soba','Special Vietnamese sandwiches and rolls.','https://images.unsplash.com/photo-1633271332313-04df64c0105b?q=80&w=1170&auto=format&fit=crop&ixlib=rb-4.1.0&ixid=M3wxMjA3fDB8MHxwaG90by1wYWdlfHx8fGVufDB8fHx8fA%3D%3D',6.13,'Noodles','2025-09-14 00:14:30','2025-09-20 03:39:12'),(325,21,'Laksa','Special Vietnamese sandwiches and rolls.','https://images.unsplash.com/photo-1633271333045-d6cd23567743?q=80&w=687&auto=format&fit=crop&ixlib=rb-4.1.0&ixid=M3wxMjA3fDB8MHxwaG90by1wYWdlfHx8fGVufDB8fHx8fA%3D%3D',39.08,'Noodles','2025-09-14 00:14:30','2025-09-20 03:39:12'),(326,21,'Noodle Soup','Special Vietnamese sandwiches and rolls.','https://images.unsplash.com/photo-1555126634-323283e090fa?q=80&w=764&auto=format&fit=crop&ixlib=rb-4.1.0&ixid=M3wxMjA3fDB8MHxwaG90by1wYWdlfHx8fGVufDB8fHx8fA%3D%3D',37.00,'Noodles','2025-09-14 00:14:30','2025-09-20 03:39:12'),(327,22,'Grilled Salmon','Special Vietnamese sandwiches and rolls.','https://images.unsplash.com/photo-1615141982883-c7ad0e69fd62?q=80&w=1074&auto=format&fit=crop&ixlib=rb-4.1.0&ixid=M3wxMjA3fDB8MHxwaG90by1wYWdlfHx8fGVufDB8fHx8fA%3D%3D',17.78,'Seafood','2025-09-14 00:14:30','2025-09-20 03:39:12'),(328,22,'Lobster Roll','Special Vietnamese sandwiches and rolls.','https://images.unsplash.com/photo-1534080564583-6be75777b70a?q=80&w=1170&auto=format&fit=crop&ixlib=rb-4.1.0&ixid=M3wxMjA3fDB8MHxwaG90by1wYWdlfHx8fGVufDB8fHx8fA%3D%3D',17.89,'Seafood','2025-09-14 00:14:30','2025-09-20 03:39:12'),(329,22,'Fried Calamari','Special Vietnamese sandwiches and rolls.','https://images.unsplash.com/photo-1448043552756-e747b7a2b2b8?q=80&w=1052&auto=format&fit=crop&ixlib=rb-4.1.0&ixid=M3wxMjA3fDB8MHxwaG90by1wYWdlfHx8fGVufDB8fHx8fA%3D%3D',31.12,'Seafood','2025-09-14 00:14:30','2025-09-20 03:39:12'),(330,22,'Crab Cakes','Special Vietnamese sandwiches and rolls.','https://images.unsplash.com/photo-1608135227059-95aacee01035?q=80&w=687&auto=format&fit=crop&ixlib=rb-4.1.0&ixid=M3wxMjA3fDB8MHxwaG90by1wYWdlfHx8fGVufDB8fHx8fA%3D%3D',6.94,'Seafood','2025-09-14 00:14:30','2025-09-20 03:39:12'),(331,22,'Garlic Butter Shrimp','Special Vietnamese sandwiches and rolls.','https://images.unsplash.com/photo-1606850780554-b55ea4dd0b70?q=80&w=1170&auto=format&fit=crop&ixlib=rb-4.1.0&ixid=M3wxMjA3fDB8MHxwaG90by1wYWdlfHx8fGVufDB8fHx8fA%3D%3D',26.31,'Seafood','2025-09-14 00:14:30','2025-09-20 03:39:12'),(332,22,'Clam Chowder','Special Vietnamese sandwiches and rolls.','https://images.unsplash.com/photo-1559742811-822873691df8?q=80&w=687&auto=format&fit=crop&ixlib=rb-4.1.0&ixid=M3wxMjA3fDB8MHxwaG90by1wYWdlfHx8fGVufDB8fHx8fA%3D%3D',15.76,'Soup','2025-09-14 00:14:30','2025-09-20 03:39:12'),(333,22,'Oysters','Special Vietnamese sandwiches and rolls.','https://images.unsplash.com/photo-1576330383200-2bf325cfec52?q=80&w=735&auto=format&fit=crop&ixlib=rb-4.1.0&ixid=M3wxMjA3fDB8MHxwaG90by1wYWdlfHx8fGVufDB8fHx8fA%3D%3D',39.88,'Seafood','2025-09-14 00:14:30','2025-09-20 03:39:12'),(334,22,'Fish Tacos','Special Vietnamese sandwiches and rolls.','https://plus.unsplash.com/premium_photo-1719530305720-6d38151dafac?q=80&w=1171&auto=format&fit=crop&ixlib=rb-4.1.0&ixid=M3wxMjA3fDB8MHxwaG90by1wYWdlfHx8fGVufDB8fHx8fA%3D%3D',12.09,'Seafood','2025-09-14 00:14:30','2025-09-20 03:39:12'),(335,22,'Seafood Paella','Special Vietnamese sandwiches and rolls.','https://plus.unsplash.com/premium_photo-1674498271265-75a1122411b5?q=80&w=687&auto=format&fit=crop&ixlib=rb-4.1.0&ixid=M3wxMjA3fDB8MHxwaG90by1wYWdlfHx8fGVufDB8fHx8fA%3D%3D',25.83,'Seafood','2025-09-14 00:14:30','2025-09-20 03:39:12'),(336,22,'Steamed Mussels','Special Vietnamese sandwiches and rolls.','https://images.unsplash.com/photo-1485921325833-c519f76c4927?q=80&w=764&auto=format&fit=crop&ixlib=rb-4.1.0&ixid=M3wxMjA3fDB8MHxwaG90by1wYWdlfHx8fGVufDB8fHx8fA%3D%3D',42.86,'Seafood','2025-09-14 00:14:30','2025-09-20 03:39:12'),(337,23,'Classic Burger','Special Vietnamese sandwiches and rolls.','https://images.unsplash.com/photo-1718912053452-462af446bb8d?q=80&w=735&auto=format&fit=crop&ixlib=rb-4.1.0&ixid=M3wxMjA3fDB8MHxwaG90by1wYWdlfHx8fGVufDB8fHx8fA%3D%3D',41.84,'Burger','2025-09-14 00:14:30','2025-09-20 03:39:12'),(338,23,'Cheese Queen Burger','Special Vietnamese sandwiches and rolls.','https://images.unsplash.com/photo-1686860795249-688813ad8923?q=80&w=687&auto=format&fit=crop&ixlib=rb-4.1.0&ixid=M3wxMjA3fDB8MHxwaG90by1wYWdlfHx8fGVufDB8fHx8fA%3D%3D',30.60,'Burger','2025-09-14 00:14:30','2025-09-20 03:39:12'),(339,23,'Crispy Chicken Burger','Special Vietnamese sandwiches and rolls.','https://images.unsplash.com/photo-1561758033-f8ff74d6494a?q=80&w=1170&auto=format&fit=crop&ixlib=rb-4.1.0&ixid=M3wxMjA3fDB8MHxwaG90by1wYWdlfHx8fGVufDB8fHx8fA%3D%3D',22.48,'Burger','2025-09-14 00:14:30','2025-09-20 03:39:12'),(340,23,'Veggie Burger','Special Vietnamese sandwiches and rolls.','https://images.unsplash.com/photo-1625813506062-0aeb1d7a094b?q=80&w=687&auto=format&fit=crop&ixlib=rb-4.1.0&ixid=M3wxMjA3fDB8MHxwaG90by1wYWdlfHx8fGVufDB8fHx8fA%3D%3D',15.62,'Burger','2025-09-14 00:14:30','2025-09-20 03:39:12'),(341,23,'BBQ Bacon Burger','Special Vietnamese sandwiches and rolls.','https://images.unsplash.com/photo-1644447381357-3d8e57d5fba0?q=80&w=687&auto=format&fit=crop&ixlib=rb-4.1.0&ixid=M3wxMjA3fDB8MHxwaG90by1wYWdlfHx8fGVufDB8fHx8fA%3D%3D',5.65,'Burger','2025-09-14 00:14:30','2025-09-20 03:39:12'),(342,23,'French Fries','Special Vietnamese sandwiches and rolls.','https://images.unsplash.com/photo-1630431341973-02e1b662ec35?q=80&w=687&auto=format&fit=crop&ixlib=rb-4.1.0&ixid=M3wxMjA3fDB8MHxwaG90by1wYWdlfHx8fGVufDB8fHx8fA%3D%3D',21.41,'Side','2025-09-14 00:14:30','2025-09-20 03:39:12'),(343,23,'Onion Rings','Special Vietnamese sandwiches and rolls.','https://images.unsplash.com/photo-1652209911920-2700fcbd5011?q=80&w=692&auto=format&fit=crop&ixlib=rb-4.1.0&ixid=M3wxMjA3fDB8MHxwaG90by1wYWdlfHx8fGVufDB8fHx8fA%3D%3D',40.08,'Side','2025-09-14 00:14:30','2025-09-20 03:39:12'),(344,23,'Milkshake','Special Vietnamese sandwiches and rolls.','https://images.unsplash.com/photo-1572490122747-3968b75cc699?q=80&w=687&auto=format&fit=crop&ixlib=rb-4.1.0&ixid=M3wxMjA3fDB8MHxwaG90by1wYWdlfHx8fGVufDB8fHx8fA%3D%3D',41.18,'Drink','2025-09-14 00:14:30','2025-09-20 03:39:12'),(345,23,'Ice Cream Sundae','Special Vietnamese sandwiches and rolls.','https://images.unsplash.com/photo-1657225953401-5f95007fc8e0?q=80&w=1169&auto=format&fit=crop&ixlib=rb-4.1.0&ixid=M3wxMjA3fDB8MHxwaG90by1wYWdlfHx8fGVufDB8fHx8fA%3D%3D',35.66,'Dessert','2025-09-14 00:14:30','2025-09-20 03:39:12'),(346,23,'Soft Drink','Special Vietnamese sandwiches and rolls.','https://images.unsplash.com/photo-1556881286-fc6915169721?q=80&w=687&auto=format&fit=crop&ixlib=rb-4.1.0&ixid=M3wxMjA3fDB8MHxwaG90by1wYWdlfHx8fGVufDB8fHx8fA%3D%3D',49.76,'Drink','2025-09-14 00:14:30','2025-09-20 03:39:12'),(347,24,'Potato Samosa','Special Vietnamese sandwiches and rolls.','https://images.unsplash.com/photo-1726514733355-02fe48ae6795?q=80&w=1170&auto=format&fit=crop&ixlib=rb-4.1.0&ixid=M3wxMjA3fDB8MHxwaG90by1wYWdlfHx8fGVufDB8fHx8fA%3D%3D',46.83,'Snack','2025-09-14 00:14:30','2025-09-20 03:39:12'),(348,24,'Chicken Samosa','Special Vietnamese sandwiches and rolls.','https://images.unsplash.com/photo-1591465619339-60fce055bc82?q=80&w=1170&auto=format&fit=crop&ixlib=rb-4.1.0&ixid=M3wxMjA3fDB8MHxwaG90by1wYWdlfHx8fGVufDB8fHx8fA%3D%3D',34.88,'Snack','2025-09-14 00:14:30','2025-09-20 03:39:12'),(349,24,'Paneer Samosa','Special Vietnamese sandwiches and rolls.','https://images.unsplash.com/photo-1572099107898-46f22b3af4f9?q=80&w=715&auto=format&fit=crop&ixlib=rb-4.1.0&ixid=M3wxMjA3fDB8MHxwaG90by1wYWdlfHx8fGVufDB8fHx8fA%3D%3D',28.91,'Snack','2025-09-14 00:14:30','2025-09-20 03:39:12'),(350,24,'Lamb Samosa','Special Vietnamese sandwiches and rolls.','https://images.unsplash.com/photo-1589786742305-f24d19eedbe5?q=80&w=744&auto=format&fit=crop&ixlib=rb-4.1.0&ixid=M3wxMjA3fDB8MHxwaG90by1wYWdlfHx8fGVufDB8fHx8fA%3D%3D',34.90,'Snack','2025-09-14 00:14:30','2025-09-20 03:39:12'),(351,24,'Cheese Samosa','Seasonal and chef’s special dishes.','https://plus.unsplash.com/premium_photo-1695297515622-d0991a12efe3?q=80&w=687&auto=format&fit=crop&ixlib=rb-4.1.0&ixid=M3wxMjA3fDB8MHxwaG90by1wYWdlfHx8fGVufDB8fHx8fA%3D%3D',37.77,'Snack','2025-09-14 00:14:30','2025-09-20 03:39:12'),(352,24,'Vegetable Pakora','Seasonal and chef’s special dishes.','https://images.unsplash.com/photo-1622715395486-08183374570a?q=80&w=687&auto=format&fit=crop&ixlib=rb-4.1.0&ixid=M3wxMjA3fDB8MHxwaG90by1wYWdlfHx8fGVufDB8fHx8fA%3D%3D',34.15,'Snack','2025-09-14 00:14:30','2025-09-20 03:39:12'),(353,24,'Chutney Dip','Seasonal and chef’s special dishes.','https://plus.unsplash.com/premium_photo-1695297516710-854716c51121?q=80&w=687&auto=format&fit=crop&ixlib=rb-4.1.0&ixid=M3wxMjA3fDB8MHxwaG90by1wYWdlfHx8fGVufDB8fHx8fA%3D%3D',7.42,'Side','2025-09-14 00:14:30','2025-09-20 03:39:12'),(354,24,'Mango Lassi','Seasonal and chef’s special dishes.','https://images.unsplash.com/photo-1601050690117-94f5f6fa8bd7?q=80&w=1071&auto=format&fit=crop&ixlib=rb-4.1.0&ixid=M3wxMjA3fDB8MHxwaG90by1wYWdlfHx8fGVufDB8fHx8fA%3D%3D',19.66,'Drink','2025-09-14 00:14:30','2025-09-20 03:39:12'),(355,24,'Masala Chai','Seasonal and chef’s special dishes.','https://images.unsplash.com/photo-1622715395488-71045e2a4990?q=80&w=687&auto=format&fit=crop&ixlib=rb-4.1.0&ixid=M3wxMjA3fDB8MHxwaG90by1wYWdlfHx8fGVufDB8fHx8fA%3D%3D',26.05,'Drink','2025-09-14 00:14:30','2025-09-20 03:39:12'),(356,24,'Gulab Jamun','Seasonal and chef’s special dishes.','https://images.unsplash.com/photo-1666190092159-3171cf0fbb12?q=80&w=1170&auto=format&fit=crop&ixlib=rb-4.1.0&ixid=M3wxMjA3fDB8MHxwaG90by1wYWdlfHx8fGVufDB8fHx8fA%3D%3D',21.26,'Dessert','2025-09-14 00:14:30','2025-09-20 03:39:12'),(357,25,'Classic Margherita','Seasonal and chef’s special dishes.','https://images.unsplash.com/photo-1680529667993-010e2125fd97?q=80&w=1170&auto=format&fit=crop&ixlib=rb-4.1.0&ixid=M3wxMjA3fDB8MHxwaG90by1wYWdlfHx8fGVufDB8fHx8fA%3D%3D',23.16,'Pizza','2025-09-14 00:14:30','2025-09-20 03:39:12'),(358,25,'Four Cheese Pizza','Seasonal and chef’s special dishes.','https://images.unsplash.com/photo-1662022613083-2b76200e460c?q=80&w=1170&auto=format&fit=crop&ixlib=rb-4.1.0&ixid=M3wxMjA3fDB8MHxwaG90by1wYWdlfHx8fGVufDB8fHx8fA%3D%3D',47.03,'Pizza','2025-09-14 00:14:30','2025-09-20 03:39:12'),(359,25,'Pepperoni Feast','Seasonal and chef’s special dishes.','https://images.unsplash.com/photo-1636391886989-da35ee18cbdb?q=80&w=687&auto=format&fit=crop&ixlib=rb-4.1.0&ixid=M3wxMjA3fDB8MHxwaG90by1wYWdlfHx8fGVufDB8fHx8fA%3D%3D',25.68,'Pizza','2025-09-14 00:14:30','2025-09-20 03:39:12'),(360,25,'BBQ Chicken Pizza','Seasonal and chef’s special dishes.','https://images.unsplash.com/photo-1562835155-a7c2a225e97d?q=80&w=1074&auto=format&fit=crop&ixlib=rb-4.1.0&ixid=M3wxMjA3fDB8MHxwaG90by1wYWdlfHx8fGVufDB8fHx8fA%3D%3D',27.29,'Pizza','2025-09-14 00:14:30','2025-09-20 03:39:12'),(361,25,'Veggie Special Pizza','Seasonal and chef’s special dishes.','https://images.unsplash.com/photo-1671572579366-89bec1184f5e?q=80&w=687&auto=format&fit=crop&ixlib=rb-4.1.0&ixid=M3wxMjA3fDB8MHxwaG90by1wYWdlfHx8fGVufDB8fHx8fA%3D%3D',9.42,'Pizza','2025-09-14 00:14:30','2025-09-20 03:39:12'),(362,25,'Hawaiian Pizza','Seasonal and chef’s special dishes.','https://images.unsplash.com/photo-1671572579989-fa11cbd86eef?q=80&w=1170&auto=format&fit=crop&ixlib=rb-4.1.0&ixid=M3wxMjA3fDB8MHxwaG90by1wYWdlfHx8fGVufDB8fHx8fA%3D%3D',5.23,'Pizza','2025-09-14 00:14:30','2025-09-20 03:39:12'),(363,25,'Stuffed Crust Pizza','Seasonal and chef’s special dishes.','https://images.unsplash.com/photo-1756137949221-29add4227b25?q=80&w=687&auto=format&fit=crop&ixlib=rb-4.1.0&ixid=M3wxMjA3fDB8MHxwaG90by1wYWdlfHx8fGVufDB8fHx8fA%3D%3D',37.90,'Pizza','2025-09-14 00:14:30','2025-09-20 03:39:12'),(364,25,'Garlic Bread','Seasonal and chef’s special dishes.','https://images.unsplash.com/photo-1598785244280-7a428600d053?q=80&w=1138&auto=format&fit=crop&ixlib=rb-4.1.0&ixid=M3wxMjA3fDB8MHxwaG90by1wYWdlfHx8fGVufDB8fHx8fA%3D%3D',33.79,'Starter','2025-09-14 00:14:30','2025-09-20 03:39:12'),(365,25,'Tiramisu','Seasonal and chef’s special dishes.','https://images.unsplash.com/photo-1571877227200-a0d98ea607e9?q=80&w=736&auto=format&fit=crop&ixlib=rb-4.1.0&ixid=M3wxMjA3fDB8MHxwaG90by1wYWdlfHx8fGVufDB8fHx8fA%3D%3D',5.27,'Dessert','2025-09-14 00:14:30','2025-09-20 03:39:12'),(366,25,'Soft Drink','Seasonal and chef’s special dishes.','https://images.unsplash.com/photo-1533007716222-4b465613a984?q=80&w=687&auto=format&fit=crop&ixlib=rb-4.1.0&ixid=M3wxMjA3fDB8MHxwaG90by1wYWdlfHx8fGVufDB8fHx8fA%3D%3D',9.96,'Drink','2025-09-14 00:14:30','2025-09-20 03:39:12'),(426,38,'Xoi Ga','Tasty Vietnamese food.','https://images.unsplash.com/photo-1538220856186-0be0e085984d?w=500&auto=format&fit=crop&q=60&ixlib=rb-4.1.0&ixid=M3wxMjA3fDB8MHxzZWFyY2h8MTR8fGJyZWFrZmFzdHxlbnwwfHwwfHx8MA%3D%3D',11.25,'Breakfast','2025-09-19 20:43:17','2025-09-21 22:51:50'),(427,38,'Sugarcane Juice','Tasty Vietnamese food.','https://images.unsplash.com/photo-1534353473418-4cfa6c56fd38?w=500&auto=format&fit=crop&q=60&ixlib=rb-4.1.0&ixid=M3wxMjA3fDB8MHxzZWFyY2h8M3x8U3VnYXJjYW5lJTIwSnVpY2V8ZW58MHx8MHx8fDA%3D',9.90,'Juice','2025-09-19 20:43:17','2025-09-21 22:51:50'),(428,38,'Banh Khoai Mi','Tasty Vietnamese food.','https://images.unsplash.com/photo-1622087250532-ef720737446b?w=500&auto=format&fit=crop&q=60&ixlib=rb-4.1.0&ixid=M3wxMjA3fDB8MHxzZWFyY2h8MTB8fGIlQzMlQTFuaHxlbnwwfHwwfHx8MA%3D%3D',4.52,'Pastries','2025-09-19 20:43:17','2025-09-21 22:51:50'),(429,38,'Banh Mi Op La','Tasty Vietnamese food.','https://images.unsplash.com/photo-1525351484163-7529414344d8?w=500&auto=format&fit=crop&q=60&ixlib=rb-4.1.0&ixid=M3wxMjA3fDB8MHxzZWFyY2h8M3x8QnJlYWtmYXN0fGVufDB8fDB8fHww',18.07,'Breakfast','2025-09-19 20:43:17','2025-09-21 22:51:50'),(430,38,'Passionfruit Juice','Tasty Vietnamese food.','https://images.unsplash.com/photo-1621506289937-a8e4df240d0b?w=500&auto=format&fit=crop&q=60&ixlib=rb-4.1.0&ixid=M3wxMjA3fDB8MHxzZWFyY2h8OHx8anVpY2V8ZW58MHx8MHx8fDA%3D',9.57,'Juice','2025-09-19 20:43:17','2025-09-21 22:51:50'),(431,38,'Banh Cam','Tasty Vietnamese food.','https://images.unsplash.com/photo-1622087250532-ef720737446b?w=500&auto=format&fit=crop&q=60&ixlib=rb-4.1.0&ixid=M3wxMjA3fDB8MHxzZWFyY2h8MTB8fGIlQzMlQTFuaHxlbnwwfHwwfHx8MA%3D%3D',7.69,'Pastries','2025-09-19 20:43:17','2025-09-21 22:51:50'),(432,38,'Chao Long','Tasty Vietnamese food.','https://images.unsplash.com/photo-1525351484163-7529414344d8?w=500&auto=format&fit=crop&q=60&ixlib=rb-4.1.0&ixid=M3wxMjA3fDB8MHxzZWFyY2h8M3x8QnJlYWtmYXN0fGVufDB8fDB8fHww',12.94,'Breakfast','2025-09-19 20:43:17','2025-09-21 22:51:50'),(433,38,'Watermelon Juice','Tasty Vietnamese food.','https://images.unsplash.com/photo-1621506289937-a8e4df240d0b?w=500&auto=format&fit=crop&q=60&ixlib=rb-4.1.0&ixid=M3wxMjA3fDB8MHxzZWFyY2h8OHx8anVpY2V8ZW58MHx8MHx8fDA%3D',8.36,'Juice','2025-09-19 20:43:17','2025-09-21 22:51:50'),(434,38,'Pandan Chiffon Cake','Tasty Vietnamese food.','https://images.unsplash.com/photo-1622087250532-ef720737446b?w=500&auto=format&fit=crop&q=60&ixlib=rb-4.1.0&ixid=M3wxMjA3fDB8MHxzZWFyY2h8MTB8fGIlQzMlQTFuaHxlbnwwfHwwfHx8MA%3D%3D',18.15,'Pastries','2025-09-19 20:43:17','2025-09-21 22:51:50'),(435,38,'Xoi Ga','Tasty Vietnamese food.','https://images.unsplash.com/photo-1525351484163-7529414344d8?w=500&auto=format&fit=crop&q=60&ixlib=rb-4.1.0&ixid=M3wxMjA3fDB8MHxzZWFyY2h8M3x8QnJlYWtmYXN0fGVufDB8fDB8fHww',13.22,'Breakfast','2025-09-19 20:43:17','2025-09-21 22:51:50'),(436,38,'Coconut Water','Tasty Vietnamese food.','https://images.unsplash.com/photo-1621506289937-a8e4df240d0b?w=500&auto=format&fit=crop&q=60&ixlib=rb-4.1.0&ixid=M3wxMjA3fDB8MHxzZWFyY2h8OHx8anVpY2V8ZW58MHx8MHx8fDA%3D',18.47,'Juice','2025-09-19 20:43:17','2025-09-21 22:51:50'),(437,38,'Banh Cam','Tasty Vietnamese food.','https://images.unsplash.com/photo-1622087250532-ef720737446b?w=500&auto=format&fit=crop&q=60&ixlib=rb-4.1.0&ixid=M3wxMjA3fDB8MHxzZWFyY2h8MTB8fGIlQzMlQTFuaHxlbnwwfHwwfHx8MA%3D%3D',7.61,'Pastries','2025-09-19 20:43:17','2025-09-21 22:51:50'),(438,38,'Chao Long','Tasty Vietnamese food.','https://images.unsplash.com/photo-1525351484163-7529414344d8?w=500&auto=format&fit=crop&q=60&ixlib=rb-4.1.0&ixid=M3wxMjA3fDB8MHxzZWFyY2h8M3x8QnJlYWtmYXN0fGVufDB8fDB8fHww',5.71,'Breakfast','2025-09-19 20:43:17','2025-09-21 22:51:50'),(439,38,'Coconut Water','Tasty Vietnamese food.','https://images.unsplash.com/photo-1621506289937-a8e4df240d0b?w=500&auto=format&fit=crop&q=60&ixlib=rb-4.1.0&ixid=M3wxMjA3fDB8MHxzZWFyY2h8OHx8anVpY2V8ZW58MHx8MHx8fDA%3D',8.92,'Juice','2025-09-19 20:43:17','2025-09-21 22:51:50'),(440,38,'Croissant','Tasty Vietnamese food.','https://images.unsplash.com/photo-1622087250532-ef720737446b?w=500&auto=format&fit=crop&q=60&ixlib=rb-4.1.0&ixid=M3wxMjA3fDB8MHxzZWFyY2h8MTB8fGIlQzMlQTFuaHxlbnwwfHwwfHx8MA%3D%3D',12.51,'Pastries','2025-09-19 20:43:17','2025-09-21 22:51:50'),(441,38,'Chao Long','Tasty Vietnamese food.','https://images.unsplash.com/photo-1525351484163-7529414344d8?w=500&auto=format&fit=crop&q=60&ixlib=rb-4.1.0&ixid=M3wxMjA3fDB8MHxzZWFyY2h8M3x8QnJlYWtmYXN0fGVufDB8fDB8fHww',7.26,'Breakfast','2025-09-19 20:43:17','2025-09-21 22:51:50'),(442,38,'Mixed Fruit Juice','Tasty Vietnamese food.','https://images.unsplash.com/photo-1621506289937-a8e4df240d0b?w=500&auto=format&fit=crop&q=60&ixlib=rb-4.1.0&ixid=M3wxMjA3fDB8MHxzZWFyY2h8OHx8anVpY2V8ZW58MHx8MHx8fDA%3D',15.53,'Juice','2025-09-19 20:43:17','2025-09-21 22:51:50'),(443,38,'Banh Flan','Tasty Vietnamese food.','https://images.unsplash.com/photo-1622087250532-ef720737446b?w=500&auto=format&fit=crop&q=60&ixlib=rb-4.1.0&ixid=M3wxMjA3fDB8MHxzZWFyY2h8MTB8fGIlQzMlQTFuaHxlbnwwfHwwfHx8MA%3D%3D',4.27,'Pastries','2025-09-19 20:43:17','2025-09-21 22:51:50'),(459,40,'Pho Chin','Tasty Vietnamese food.','https://plus.unsplash.com/premium_photo-1664478276162-46c39b3557c3?w=500&auto=format&fit=crop&q=60&ixlib=rb-4.1.0&ixid=M3wxMjA3fDB8MHxzZWFyY2h8NXx8cGglRTElQkIlOUZ8ZW58MHx8MHx8fDA%3D',7.91,'Pho','2025-09-19 20:56:51','2025-09-21 22:51:50'),(460,40,'Com Tom Rim','Tasty Vietnamese food.','https://images.unsplash.com/photo-1599354607459-81c8b0d90bf5?w=500&auto=format&fit=crop&q=60&ixlib=rb-4.1.0&ixid=M3wxMjA3fDB8MHxzZWFyY2h8N3x8YnJhaXNlZCUyMHNocmltcCUyMHJpY2V8ZW58MHx8MHx8fDA%3D',17.69,'Rice Plates','2025-09-19 20:56:51','2025-09-21 22:51:50'),(461,40,'Vietnamese Iced Coffee','Tasty Vietnamese food.','https://plus.unsplash.com/premium_photo-1670469009826-db07ab733925?w=500&auto=format&fit=crop&q=60&ixlib=rb-4.1.0&ixid=M3wxMjA3fDB8MHxzZWFyY2h8MXx8VmlldG5hbWVzZSUyMEljZWQlMjBDb2ZmZWV8ZW58MHx8MHx8fDA%3D',5.27,'Drinks','2025-09-19 20:56:51','2025-09-21 22:51:50'),(462,40,'Pho Nam','Tasty Vietnamese food.','https://images.unsplash.com/photo-1503764654157-72d979d9af2f?w=500&auto=format&fit=crop&q=60&ixlib=rb-4.1.0&ixid=M3wxMjA3fDB8MHxzZWFyY2h8MTB8fHBoJUUxJUJCJTlGfGVufDB8fDB8fHww',4.16,'Pho','2025-09-19 20:56:51','2025-09-21 22:51:50'),(463,40,'Com Tom Rim','Tasty Vietnamese food.','https://images.unsplash.com/photo-1638933482397-bc6189939ef3?w=500&auto=format&fit=crop&q=60&ixlib=rb-4.1.0&ixid=M3wxMjA3fDB8MHxzZWFyY2h8OHx8YnJhaXNlZCUyMHNocmltcCUyMHJpY2V8ZW58MHx8MHx8fDA%3D',14.81,'Rice Plates','2025-09-19 20:56:51','2025-09-21 22:51:50'),(464,40,'Iced Matcha','Tasty Vietnamese food.','https://images.unsplash.com/photo-1717603545758-88cc454db69b?w=500&auto=format&fit=crop&q=60&ixlib=rb-4.1.0&ixid=M3wxMjA3fDB8MHxzZWFyY2h8Mnx8SWNlZCUyME1hdGNoYXxlbnwwfHwwfHx8MA%3D%3D',7.09,'Drinks','2025-09-19 20:56:51','2025-09-21 22:51:50'),(465,40,'Pho Tom','Tasty Vietnamese food.','https://images.unsplash.com/photo-1503764654157-72d979d9af2f?w=500&auto=format&fit=crop&q=60&ixlib=rb-4.1.0&ixid=M3wxMjA3fDB8MHxzZWFyY2h8MTB8fHBoJUUxJUJCJTlGfGVufDB8fDB8fHww',3.69,'Pho','2025-09-19 20:56:51','2025-09-21 22:51:50'),(466,40,'Com Tam Suon','Tasty Vietnamese food.','https://images.unsplash.com/photo-1500000000-rice plates',7.29,'Rice Plates','2025-09-19 20:56:51','2025-09-21 22:51:50'),(467,40,'Iced Matcha','Tasty Vietnamese food.','https://images.unsplash.com/photo-1749280447307-31a68eb38673?w=500&auto=format&fit=crop&q=60&ixlib=rb-4.1.0&ixid=M3wxMjA3fDB8MHxzZWFyY2h8NHx8SWNlZCUyME1hdGNoYXxlbnwwfHwwfHx8MA%3D%3D',6.28,'Drinks','2025-09-19 20:56:51','2025-09-21 22:51:50'),(468,40,'Pho Dac Biet','Tasty Vietnamese food.','https://images.unsplash.com/photo-1503764654157-72d979d9af2f?w=500&auto=format&fit=crop&q=60&ixlib=rb-4.1.0&ixid=M3wxMjA3fDB8MHxzZWFyY2h8MTB8fHBoJUUxJUJCJTlGfGVufDB8fDB8fHww',16.58,'Pho','2025-09-19 20:56:51','2025-09-21 22:51:50'),(469,40,'Com Tom Rim','Tasty Vietnamese food.','https://images.unsplash.com/photo-1594397107804-22dfcdef5a06?w=500&auto=format&fit=crop&q=60&ixlib=rb-4.1.0&ixid=M3wxMjA3fDB8MHxzZWFyY2h8MTJ8fGJyYWlzZWQlMjBzaHJpbXAlMjByaWNlfGVufDB8fDB8fHww',7.10,'Rice Plates','2025-09-19 20:56:51','2025-09-21 22:51:50'),(470,40,'Soy Milk','Tasty Vietnamese food.','https://images.unsplash.com/photo-1722518252679-3a77ae458836?w=500&auto=format&fit=crop&q=60&ixlib=rb-4.1.0&ixid=M3wxMjA3fDB8MHxzZWFyY2h8N3x8U295JTIwTWlsa3xlbnwwfHwwfHx8MA%3D%3D',16.07,'Drinks','2025-09-19 20:56:51','2025-09-21 22:51:50'),(471,41,'Banh Mi Ga Kho','Tasty Vietnamese food.','https://images.unsplash.com/photo-1600454309261-3dc9b7597637?w=500&auto=format&fit=crop&q=60&ixlib=rb-4.1.0&ixid=M3wxMjA3fDB8MHxzZWFyY2h8M3x8YiVDMyVBMW5oJTIwbSVDMyVBQ3xlbnwwfHwwfHx8MA%3D%3D',17.59,'Banh Mi','2025-09-19 21:00:18','2025-09-21 22:51:50'),(472,41,'Coconut Coffee','Tasty Vietnamese food.','https://images.unsplash.com/photo-1588413335672-87b35888b55d?w=500&auto=format&fit=crop&q=60&ixlib=rb-4.1.0&ixid=M3wxMjA3fDB8MHxzZWFyY2h8M3x8Q29jb251dCUyMENvZmZlZXxlbnwwfHwwfHx8MA%3D%3D',8.68,'Coffee','2025-09-19 21:00:18','2025-09-21 22:51:50'),(473,41,'Che Thai','Tasty Vietnamese food.','https://images.unsplash.com/photo-1621939514649-280e2ee25f60?w=500&auto=format&fit=crop&q=60&ixlib=rb-4.1.0&ixid=M3wxMjA3fDB8MHxzZWFyY2h8M3x8c25hY2t8ZW58MHx8MHx8fDA%3D',15.64,'Snacks','2025-09-19 21:00:18','2025-09-21 22:51:50'),(474,41,'Banh Mi Trung','Tasty Vietnamese food.','https://images.unsplash.com/photo-1600454309261-3dc9b7597637?w=500&auto=format&fit=crop&q=60&ixlib=rb-4.1.0&ixid=M3wxMjA3fDB8MHxzZWFyY2h8M3x8YiVDMyVBMW5oJTIwbSVDMyVBQ3xlbnwwfHwwfHx8MA%3D%3D',10.20,'Banh Mi','2025-09-19 21:00:18','2025-09-21 22:51:50'),(475,41,'Ca Phe Sua Da','Tasty Vietnamese food.','https://images.unsplash.com/photo-1588413335672-87b35888b55d?w=500&auto=format&fit=crop&q=60&ixlib=rb-4.1.0&ixid=M3wxMjA3fDB8MHxzZWFyY2h8M3x8Q29jb251dCUyMENvZmZlZXxlbnwwfHwwfHx8MA%3D%3D',15.23,'Coffee','2025-09-19 21:00:18','2025-09-21 22:51:50'),(476,41,'Sesame Ball','Tasty Vietnamese food.','https://images.unsplash.com/photo-1621939514649-280e2ee25f60?w=500&auto=format&fit=crop&q=60&ixlib=rb-4.1.0&ixid=M3wxMjA3fDB8MHxzZWFyY2h8M3x8c25hY2t8ZW58MHx8MHx8fDA%3D',15.41,'Snacks','2025-09-19 21:00:18','2025-09-21 22:51:50'),(477,41,'Banh Mi Thit Nuong','Tasty Vietnamese food.','https://images.unsplash.com/photo-1600454309261-3dc9b7597637?w=500&auto=format&fit=crop&q=60&ixlib=rb-4.1.0&ixid=M3wxMjA3fDB8MHxzZWFyY2h8M3x8YiVDMyVBMW5oJTIwbSVDMyVBQ3xlbnwwfHwwfHx8MA%3D%3D',7.41,'Banh Mi','2025-09-19 21:00:18','2025-09-21 22:51:50'),(478,41,'Egg Coffee','Tasty Vietnamese food.','https://images.unsplash.com/photo-1588413335672-87b35888b55d?w=500&auto=format&fit=crop&q=60&ixlib=rb-4.1.0&ixid=M3wxMjA3fDB8MHxzZWFyY2h8M3x8Q29jb251dCUyMENvZmZlZXxlbnwwfHwwfHx8MA%3D%3D',11.78,'Coffee','2025-09-19 21:00:18','2025-09-21 22:51:50'),(479,41,'Che Ba Mau','Tasty Vietnamese food.','https://plus.unsplash.com/premium_photo-1663126827264-409d695e0be7?w=500&auto=format&fit=crop&q=60&ixlib=rb-4.1.0&ixid=M3wxMjA3fDB8MHxzZWFyY2h8MXx8anVpY2V8ZW58MHx8MHx8fDA%3D',3.77,'Snacks','2025-09-19 21:00:18','2025-09-21 22:51:50'),(480,41,'Banh Mi Ga Kho','Tasty Vietnamese food.','https://images.unsplash.com/photo-1600454309261-3dc9b7597637?w=500&auto=format&fit=crop&q=60&ixlib=rb-4.1.0&ixid=M3wxMjA3fDB8MHxzZWFyY2h8M3x8YiVDMyVBMW5oJTIwbSVDMyVBQ3xlbnwwfHwwfHx8MA%3D%3D',5.49,'Banh Mi','2025-09-19 21:00:18','2025-09-21 22:51:50'),(481,41,'Coconut Coffee','Tasty Vietnamese food.','https://plus.unsplash.com/premium_photo-1671559020928-dde18021036f?w=500&auto=format&fit=crop&q=60&ixlib=rb-4.1.0&ixid=M3wxMjA3fDB8MHxzZWFyY2h8NXx8Q29jb251dCUyMENvZmZlZXxlbnwwfHwwfHx8MA%3D%3D',13.95,'Coffee','2025-09-19 21:00:18','2025-09-21 22:51:50'),(482,41,'Che Thai','Tasty Vietnamese food.','https://plus.unsplash.com/premium_photo-1663126827264-409d695e0be7?w=500&auto=format&fit=crop&q=60&ixlib=rb-4.1.0&ixid=M3wxMjA3fDB8MHxzZWFyY2h8MXx8anVpY2V8ZW58MHx8MHx8fDA%3D',18.10,'Snacks','2025-09-19 21:00:18','2025-09-21 22:51:50'),(483,41,'Banh Mi Cha Lua','Tasty Vietnamese food.','https://images.unsplash.com/photo-1600454309261-3dc9b7597637?w=500&auto=format&fit=crop&q=60&ixlib=rb-4.1.0&ixid=M3wxMjA3fDB8MHxzZWFyY2h8M3x8YiVDMyVBMW5oJTIwbSVDMyVBQ3xlbnwwfHwwfHx8MA%3D%3D',4.81,'Banh Mi','2025-09-19 21:00:18','2025-09-21 22:51:50'),(484,41,'Bac Xiu','Tasty Vietnamese food.','https://plus.unsplash.com/premium_photo-1671559020928-dde18021036f?w=500&auto=format&fit=crop&q=60&ixlib=rb-4.1.0&ixid=M3wxMjA3fDB8MHxzZWFyY2h8NXx8Q29jb251dCUyMENvZmZlZXxlbnwwfHwwfHx8MA%3D%3D',15.15,'Coffee','2025-09-19 21:00:18','2025-09-21 22:51:50'),(485,41,'Che Chuoi','Tasty Vietnamese food.','https://plus.unsplash.com/premium_photo-1663126827264-409d695e0be7?w=500&auto=format&fit=crop&q=60&ixlib=rb-4.1.0&ixid=M3wxMjA3fDB8MHxzZWFyY2h8MXx8anVpY2V8ZW58MHx8MHx8fDA%3D',13.60,'Snacks','2025-09-19 21:00:18','2025-09-21 22:51:50'),(519,44,'Chocolate Cake',NULL,'https://images.unsplash.com/photo-1614746508587-f9071d51db90?w=500&auto=format&fit=crop&q=60&ixlib=rb-4.1.0&ixid=M3wxMjA3fDB8MHxzZWFyY2h8MTF8fHBhbmFjb3RhfGVufDB8fDB8fHww',10.06,'Cakes','2025-09-23 13:08:46','2025-09-23 13:08:46'),(521,44,'Iced Matcha',NULL,'https://images.unsplash.com/photo-1542116021-0ff087fb0a41?w=500&auto=format&fit=crop&q=60&ixlib=rb-4.1.0&ixid=M3wxMjA3fDB8MHxzZWFyY2h8Mnx8cGFuYWNvdGF8ZW58MHx8MHx8fDA%3D',9.62,'Drinks','2025-09-23 13:08:46','2025-09-23 13:08:46'),(522,44,'Coconut Cake',NULL,'https://images.unsplash.com/photo-1501199643997-e3ed9bfbd317?w=500&auto=format&fit=crop&q=60&ixlib=rb-4.1.0&ixid=M3wxMjA3fDB8MHxzZWFyY2h8MTB8fHBhbmFjb3RhfGVufDB8fDB8fHww',17.74,'Cakes','2025-09-23 13:08:46','2025-09-23 13:08:46'),(523,44,'Banh Cam',NULL,'https://images.unsplash.com/photo-1628875731234-98ce973ff456?w=500&auto=format&fit=crop&q=60&ixlib=rb-4.1.0&ixid=M3wxMjA3fDB8MHxzZWFyY2h8MTJ8fHBhbmFjb3RhfGVufDB8fDB8fHww',17.62,'Pastries','2025-09-23 13:08:46','2025-09-23 13:08:46'),(524,44,'Soy Milk',NULL,'https://images.unsplash.com/photo-1603532523708-fc0df21fa2e8?w=500&auto=format&fit=crop&q=60&ixlib=rb-4.1.0&ixid=M3wxMjA3fDB8MHxzZWFyY2h8NHx8cGFuYWNvdGF8ZW58MHx8MHx8fDA%3D',5.96,'Drinks','2025-09-23 13:08:46','2025-09-23 13:08:46'),(525,44,'Carrot Cake',NULL,'https://images.unsplash.com/photo-1613505411792-208b15f862b0?w=500&auto=format&fit=crop&q=60&ixlib=rb-4.1.0&ixid=M3wxMjA3fDB8MHxzZWFyY2h8MTZ8fHBhbmFjb3RhfGVufDB8fDB8fHww',3.56,'Cakes','2025-09-23 13:08:46','2025-09-23 13:08:46'),(526,44,'Cheese Tart',NULL,'https://images.unsplash.com/photo-1700482006355-ad309eff83ed?w=500&auto=format&fit=crop&q=60&ixlib=rb-4.1.0&ixid=M3wxMjA3fDB8MHxzZWFyY2h8MTR8fHBhbmFjb3RhfGVufDB8fDB8fHww',7.92,'Pastries','2025-09-23 13:08:46','2025-09-23 13:08:46'),(527,44,'Lemongrass Tea',NULL,'https://images.unsplash.com/photo-1518710101263-54e0350377bb?w=500&auto=format&fit=crop&q=60&ixlib=rb-4.1.0&ixid=M3wxMjA3fDB8MHxzZWFyY2h8MTh8fHBhbmFjb3RhfGVufDB8fDB8fHww',10.21,'Drinks','2025-09-23 13:08:46','2025-09-23 13:08:46'),(528,44,'Matcha Roll Cake',NULL,'https://images.unsplash.com/photo-1591722627251-208d4d0f6573?w=500&auto=format&fit=crop&q=60&ixlib=rb-4.1.0&ixid=M3wxMjA3fDB8MHxzZWFyY2h8MjB8fHBhbmFjb3RhfGVufDB8fDB8fHww',16.30,'Cakes','2025-09-23 13:08:46','2025-09-23 13:08:46'),(529,44,'Croissant',NULL,'https://images.unsplash.com/photo-1627871878701-0abc6c910391?w=500&auto=format&fit=crop&q=60&ixlib=rb-4.1.0&ixid=M3wxMjA3fDB8MHxzZWFyY2h8MTl8fHBhbmFjb3RhfGVufDB8fDB8fHww',5.64,'Pastries','2025-09-23 13:08:46','2025-09-23 13:08:46'),(530,44,'Vietnamese Iced Coffee','','https://images.unsplash.com/photo-1569315095807-995e6e3ba320?w=500&auto=format&fit=crop&q=60&ixlib=rb-4.1.0&ixid=M3wxMjA3fDB8MHxzZWFyY2h8M3x8VmlldG5hbWVzZSUyMEljZWQlMjBDb2ZmZWV8ZW58MHx8MHx8fDA%3D',9.50,'Drinks','2025-09-23 13:08:46','2025-09-23 20:18:49'),(531,44,'Nuoc Ep Dua Hau','Ngon','https://images.unsplash.com/photo-1600271886742-f049cd451bba?q=80&w=687&auto=format&fit=crop&ixlib=rb-4.1.0&ixid=M3wxMjA3fDB8MHxwaG90by1wYWdlfHx8fGVufDB8fHx8fA%3D%3D',8.40,'Juice','2025-09-23 20:18:30','2025-09-23 20:18:30'),(532,38,'Com Xa Xiu','Rat la ngon','https://cdn2.fptshop.com.vn/unsafe/1920x0/filters:format(webp):quality(75)/com_ga_xa_xiu_01_780854eff5.jpg',12.24,'Com Tam','2025-09-23 21:33:03','2025-09-23 21:33:03');
/*!40000 ALTER TABLE `products` ENABLE KEYS */;
UNLOCK TABLES;

--
-- Table structure for table `promotion_items`
--

DROP TABLE IF EXISTS `promotion_items`;
/*!40101 SET @saved_cs_client     = @@character_set_client */;
/*!50503 SET character_set_client = utf8mb4 */;
CREATE TABLE `promotion_items` (
  `id` int NOT NULL AUTO_INCREMENT,
  `promotion_id` int NOT NULL,
  `product_id` int NOT NULL,
  PRIMARY KEY (`id`),
  KEY `promotion_id` (`promotion_id`),
  KEY `product_id` (`product_id`),
  CONSTRAINT `promotion_items_ibfk_1` FOREIGN KEY (`promotion_id`) REFERENCES `promotions` (`id`),
  CONSTRAINT `promotion_items_ibfk_2` FOREIGN KEY (`product_id`) REFERENCES `products` (`id`)
) ENGINE=InnoDB AUTO_INCREMENT=94 DEFAULT CHARSET=utf8mb4 COLLATE=utf8mb4_0900_ai_ci;
/*!40101 SET character_set_client = @saved_cs_client */;

--
-- Dumping data for table `promotion_items`
--

LOCK TABLES `promotion_items` WRITE;
/*!40000 ALTER TABLE `promotion_items` DISABLE KEYS */;
INSERT INTO `promotion_items` VALUES (1,1,1),(2,1,2),(3,1,3),(4,2,10),(5,2,11),(6,3,50),(7,3,52),(8,3,55),(9,4,120),(10,4,121),(11,4,125),(12,1,1),(13,1,2),(14,1,6),(15,2,3),(16,2,4),(18,3,17),(19,3,18),(20,3,237),(21,4,31),(22,4,32),(23,4,302),(24,5,426),(25,5,441),(26,5,426),(27,5,428),(28,5,429),(29,5,430),(30,5,435),(31,5,437),(32,8,426),(33,8,427),(34,8,428),(35,8,429),(36,8,430),(37,8,431),(38,8,432),(39,9,519),(40,9,521),(41,9,522),(42,9,523),(43,9,524),(44,9,525),(45,10,519),(46,10,521),(47,10,522),(48,10,523),(49,10,524),(50,10,525),(51,11,426),(52,11,427),(53,11,429),(54,11,432),(59,13,426),(60,13,427),(61,13,429),(62,13,430),(63,13,431),(64,14,426),(65,14,428),(66,14,429),(67,14,430),(68,14,432),(69,14,439),(70,15,426),(71,15,428),(72,15,429),(73,15,430),(74,15,431),(75,16,426),(76,16,427),(77,16,428),(78,16,429),(79,16,430),(80,16,431),(81,16,432),(82,16,433),(83,16,434),(84,16,435),(85,16,436),(86,16,437),(87,16,438),(88,16,439),(89,16,440),(90,16,441),(91,16,442),(92,16,443),(93,16,532);
/*!40000 ALTER TABLE `promotion_items` ENABLE KEYS */;
UNLOCK TABLES;

--
-- Table structure for table `promotions`
--

DROP TABLE IF EXISTS `promotions`;
/*!40101 SET @saved_cs_client     = @@character_set_client */;
/*!50503 SET character_set_client = utf8mb4 */;
CREATE TABLE `promotions` (
  `id` int NOT NULL AUTO_INCREMENT,
  `restaurant_id` int NOT NULL,
  `name` varchar(255) NOT NULL,
  `start_date` date NOT NULL,
  `end_date` date NOT NULL,
  `discount_pct` decimal(5,2) NOT NULL,
  `active` tinyint(1) DEFAULT '1',
  PRIMARY KEY (`id`),
  KEY `restaurant_id` (`restaurant_id`),
  CONSTRAINT `promotions_ibfk_1` FOREIGN KEY (`restaurant_id`) REFERENCES `restaurants` (`id`)
) ENGINE=InnoDB AUTO_INCREMENT=17 DEFAULT CHARSET=utf8mb4 COLLATE=utf8mb4_0900_ai_ci;
/*!40101 SET character_set_client = @saved_cs_client */;

--
-- Dumping data for table `promotions`
--

LOCK TABLES `promotions` WRITE;
/*!40000 ALTER TABLE `promotions` DISABLE KEYS */;
INSERT INTO `promotions` VALUES (1,1,'Summer Special','2025-09-14','2025-09-30',10.00,1),(2,2,'Lunch Discount','2025-09-14','2025-09-25',20.00,1),(3,5,'Weekend Offer','2025-09-14','2025-09-22',5.00,1),(4,12,'Happy Hour','2025-09-12','2025-09-18',5.00,1),(5,38,'Sale giữa tháng','2025-09-21','2025-09-24',12.00,1),(8,38,'Sale Giữa Tháng','2025-09-21','2025-09-27',50.00,1),(9,44,'Sale giữa tháng','2025-09-21','2025-09-27',50.00,1),(10,44,'Sale giữa tháng','2025-09-21','2025-09-27',50.00,1),(11,38,'Sa','2025-09-08','2025-09-26',22.00,1),(13,38,'Sale giữa tháng','2025-09-15','2025-09-27',12.00,1),(14,38,'Sale giữa tháng','2025-09-21','2025-09-27',12.00,1),(15,38,'Sale giữa tháng','2025-09-07','2025-09-27',12.00,1),(16,38,'Mừng lương về','2025-09-14','2025-09-30',22.00,1);
/*!40000 ALTER TABLE `promotions` ENABLE KEYS */;
UNLOCK TABLES;

--
-- Table structure for table `restaurants`
--

DROP TABLE IF EXISTS `restaurants`;
/*!40101 SET @saved_cs_client     = @@character_set_client */;
/*!50503 SET character_set_client = utf8mb4 */;
CREATE TABLE `restaurants` (
  `id` int NOT NULL AUTO_INCREMENT,
  `name` varchar(255) NOT NULL,
  `rating` float DEFAULT '0',
  `location` varchar(100) DEFAULT NULL,
  `distance_km` float DEFAULT NULL,
  `delivery_time_min` int DEFAULT NULL,
  `tags` json DEFAULT NULL,
  `badges` json DEFAULT NULL,
  `image_url` varchar(255) DEFAULT NULL,
  `created_at` datetime DEFAULT CURRENT_TIMESTAMP,
  `updated_at` datetime DEFAULT CURRENT_TIMESTAMP ON UPDATE CURRENT_TIMESTAMP,
  PRIMARY KEY (`id`)
) ENGINE=InnoDB AUTO_INCREMENT=45 DEFAULT CHARSET=utf8mb4 COLLATE=utf8mb4_0900_ai_ci;
/*!40101 SET character_set_client = @saved_cs_client */;

--
-- Dumping data for table `restaurants`
--

LOCK TABLES `restaurants` WRITE;
/*!40000 ALTER TABLE `restaurants` DISABLE KEYS */;
INSERT INTO `restaurants` VALUES (1,'Pizza Hut',4.5,'Chicago',2.4,30,'[\"rating\", \"fast_delivery\"]','[\"best_seller\", \"exclusive\"]','https://images.unsplash.com/photo-1584190926897-0023f6aa05f9?q=80&w=735&auto=format&fit=crop&ixlib=rb-4.1.0&ixid=M3wxMjA3fDB8MHxwaG90by1wYWdlfHx8fGVufDB8fHx8fA%3D%3D','2025-08-23 21:04:48','2025-08-23 22:23:08'),(2,'Veggie Delight',4.8,'Cali',3.1,25,'[\"pure_veg\", \"rating\"]','[\"newest\"]','https://plus.unsplash.com/premium_photo-1664298520420-a970b6372e48?q=80&w=688&auto=format&fit=crop&ixlib=rb-4.1.0&ixid=M3wxMjA3fDB8MHxwaG90by1wYWdlfHx8fGVufDB8fHx8fA%3D%3D','2025-08-23 21:04:48','2025-08-23 22:23:08'),(3,'Burger King',4.2,'Chicago',1.8,20,'[\"fast_delivery\", \"cost\"]','[\"exclusive\"]','https://images.unsplash.com/photo-1586190848861-99aa4a171e90?q=80&w=880&auto=format&fit=crop&ixlib=rb-4.1.0&ixid=M3wxMjA3fDB8MHxwaG90by1wYWdlfHx8fGVufDB8fHx8fA%3D%3D','2025-08-23 21:04:48','2025-08-23 22:23:08'),(4,'Pizza Hut',4.5,'Cali',2.4,30,'[\"rating\", \"fast_delivery\"]','[\"best_seller\", \"exclusive\"]','https://images.unsplash.com/photo-1534308983496-4fabb1a015ee?q=80&w=1176&auto=format&fit=crop&ixlib=rb-4.1.0&ixid=M3wxMjA3fDB8MHxwaG90by1wYWdlfHx8fGVufDB8fHx8fA%3D%3D','2025-08-23 21:05:37','2025-08-23 22:23:08'),(5,'Veggie Delight',4.8,'Cali',3.1,25,'[\"pure_veg\", \"rating\"]','[\"newest\"]','https://images.unsplash.com/photo-1699986302642-41c55ec59948?q=80&w=1074&auto=format&fit=crop&ixlib=rb-4.1.0&ixid=M3wxMjA3fDB8MHxwaG90by1wYWdlfHx8fGVufDB8fHx8fA%3D%3D','2025-08-23 21:05:37','2025-08-23 22:23:08'),(6,'Burger King',4.2,'Chicago',1.8,20,'[\"fast_delivery\", \"cost\"]','[\"exclusive\"]','https://images.unsplash.com/photo-1537013360045-f905afd278d1?q=80&w=1173&auto=format&fit=crop&ixlib=rb-4.1.0&ixid=M3wxMjA3fDB8MHxwaG90by1wYWdlfHx8fGVufDB8fHx8fA%3D%3D','2025-08-23 21:05:37','2025-08-23 22:23:08'),(7,'Pizza Hut',4.5,'Chicago',2.4,30,'[\"rating\", \"fast_delivery\"]','[\"best_seller\", \"exclusive\"]','https://images.unsplash.com/photo-1513104890138-7c749659a591?q=80&w=1170&auto=format&fit=crop&ixlib=rb-4.1.0&ixid=M3wxMjA3fDB8MHxwaG90by1wYWdlfHx8fGVufDB8fHx8fA%3D%3D','2025-08-23 21:08:21','2025-08-23 22:23:08'),(8,'Veggie Delight',4.8,'Cali',3.1,25,'[\"pure_veg\", \"rating\"]','[\"newest\"]','https://images.unsplash.com/photo-1609517360975-eb678c2c6943?q=80&w=707&auto=format&fit=crop&ixlib=rb-4.1.0&ixid=M3wxMjA3fDB8MHxwaG90by1wYWdlfHx8fGVufDB8fHx8fA%3D%3D','2025-08-23 21:08:21','2025-08-23 22:23:08'),(9,'Burger King',4.2,'Chicago',1.8,20,'[\"fast_delivery\", \"cost\"]','[\"exclusive\"]','https://images.unsplash.com/photo-1530554764233-e79e16c91d08?q=80&w=687&auto=format&fit=crop&ixlib=rb-4.1.0&ixid=M3wxMjA3fDB8MHxwaG90by1wYWdlfHx8fGVufDB8fHx8fA%3D%3D','2025-08-23 21:08:21','2025-08-23 22:23:08'),(10,'Pizza Hut',4.5,'Chicago',2.4,30,'[\"rating\", \"fast_delivery\"]','[\"best_seller\", \"exclusive\"]','https://images.unsplash.com/photo-1707528904229-d7e583579d1a?q=80&w=1032&auto=format&fit=crop&ixlib=rb-4.1.0&ixid=M3wxMjA3fDB8MHxwaG90by1wYWdlfHx8fGVufDB8fHx8fA%3D%3D','2025-08-23 21:11:15','2025-08-23 22:23:08'),(11,'Veggie Delight',4.8,'Cali',3.1,25,'[\"pure_veg\", \"rating\"]','[\"newest\"]','https://images.unsplash.com/photo-1617297076326-16f10b8ab6d2?q=80&w=717&auto=format&fit=crop&ixlib=rb-4.1.0&ixid=M3wxMjA3fDB8MHxwaG90by1wYWdlfHx8fGVufDB8fHx8fA%3D%3D','2025-08-23 21:11:15','2025-08-23 22:23:08'),(12,'Burger King',4.2,'Chicago',1.8,20,'[\"fast_delivery\", \"cost\"]','[\"exclusive\"]','https://images.unsplash.com/photo-1528669826296-dbd6f641707d?q=80&w=1172&auto=format&fit=crop&ixlib=rb-4.1.0&ixid=M3wxMjA3fDB8MHxwaG90by1wYWdlfHx8fGVufDB8fHx8fA%3D%3D','2025-08-23 21:11:15','2025-08-23 22:23:08'),(13,'Sushi World',4.9,'New York',5,40,'[\"rating\", \"exclusive\"]','[\"best_seller\"]','https://images.unsplash.com/photo-1730049952532-54cf58af3235?q=80&w=752&auto=format&fit=crop&ixlib=rb-4.1.0&ixid=M3wxMjA3fDB8MHxwaG90by1wYWdlfHx8fGVufDB8fHx8fA%3D%3D','2025-08-23 21:11:15','2025-08-23 22:23:08'),(14,'Green Leaf',4.6,'Cali',2.7,35,'[\"pure_veg\", \"fast_delivery\"]','[\"newest\", \"exclusive\"]','https://images.unsplash.com/photo-1533038590840-1cde6e668a91?q=80&w=687&auto=format&fit=crop&ixlib=rb-4.1.0&ixid=M3wxMjA3fDB8MHxwaG90by1wYWdlfHx8fGVufDB8fHx8fA%3D%3D','2025-08-23 21:11:15','2025-08-23 22:23:08'),(15,'Taco Town',4.1,'Houston',3.5,25,'[\"fast_delivery\", \"cost\"]','[\"best_seller\"]','https://images.unsplash.com/photo-1501959915551-4e8d30928317?w=500&auto=format&fit=crop&q=60&ixlib=rb-4.1.0&ixid=M3wxMjA3fDB8MHxzZWFyY2h8MjB8fGJyZWFrZmFzdHxlbnwwfHwwfHx8MA%3D%3D','2025-08-23 21:11:15','2025-09-21 05:49:57'),(16,'Pasta Palace',4.7,'Chicago',4,30,'[\"rating\", \"cost\"]','[\"newest\"]','https://images.unsplash.com/photo-1490645935967-10de6ba17061?q=80&w=1153&auto=format&fit=crop&ixlib=rb-4.1.0&ixid=M3wxMjA3fDB8MHxwaG90by1wYWdlfHx8fGVufDB8fHx8fA%3D%3D','2025-08-23 21:11:15','2025-08-23 22:23:08'),(17,'Curry Corner',4.3,'Cali',2.9,35,'[\"rating\", \"fast_delivery\"]','[\"exclusive\"]','https://images.unsplash.com/photo-1414235077428-338989a2e8c0?q=80&w=1170&auto=format&fit=crop&ixlib=rb-4.1.0&ixid=M3wxMjA3fDB8MHxwaG90by1wYWdlfHx8fGVufDB8fHx8fA%3D%3D','2025-08-23 21:11:15','2025-08-23 22:23:08'),(18,'Bagel Bros',4,'New York',1.5,20,'[\"fast_delivery\", \"cost\"]','[\"newest\"]','https://images.unsplash.com/photo-1466978913421-dad2ebd01d17?q=80&w=1074&auto=format&fit=crop&ixlib=rb-4.1.0&ixid=M3wxMjA3fDB8MHxwaG90by1wYWdlfHx8fGVufDB8fHx8fA%3D%3D','2025-08-23 21:11:15','2025-08-23 22:23:08'),(19,'BBQ Haven',4.5,'Houston',4.2,45,'[\"rating\", \"cost\"]','[\"best_seller\"]','https://images.unsplash.com/photo-1564436872-f6d81182df12?q=80&w=687&auto=format&fit=crop&ixlib=rb-4.1.0&ixid=M3wxMjA3fDB8MHxwaG90by1wYWdlfHx8fGVufDB8fHx8fA%3D%3D','2025-08-23 21:11:15','2025-08-23 22:23:08'),(20,'Vegan Vibes',4.8,'Chicago',2.8,30,'[\"pure_veg\", \"rating\"]','[\"exclusive\"]','https://images.unsplash.com/photo-1574484284002-952d92456975?q=80&w=687&auto=format&fit=crop&ixlib=rb-4.1.0&ixid=M3wxMjA3fDB8MHxwaG90by1wYWdlfHx8fGVufDB8fHx8fA%3D%3D','2025-08-23 21:11:15','2025-08-23 22:23:08'),(21,'Noodle Nook',4.2,'Cali',3.3,25,'[\"fast_delivery\", \"cost\"]','[\"best_seller\"]','https://images.unsplash.com/photo-1600335895229-6e75511892c8?q=80&w=687&auto=format&fit=crop&ixlib=rb-4.1.0&ixid=M3wxMjA3fDB8MHxwaG90by1wYWdlfHx8fGVufDB8fHx8fA%3D%3D','2025-08-23 21:11:15','2025-08-23 22:23:08'),(22,'Seafood Shack',4.7,'New York',5.5,50,'[\"rating\", \"exclusive\"]','[\"newest\"]','https://images.unsplash.com/photo-1572424117831-005b5e9b3ae4?q=80&w=687&auto=format&fit=crop&ixlib=rb-4.1.0&ixid=M3wxMjA3fDB8MHxwaG90by1wYWdlfHx8fGVufDB8fHx8fA%3D%3D','2025-08-23 21:11:15','2025-08-23 22:23:08'),(23,'Burger Queen',4.1,'Houston',2,20,'[\"fast_delivery\", \"cost\"]','[\"exclusive\"]','https://images.unsplash.com/photo-1608835291093-394b0c943a75?q=80&w=1172&auto=format&fit=crop&ixlib=rb-4.1.0&ixid=M3wxMjA3fDB8MHxwaG90by1wYWdlfHx8fGVufDB8fHx8fA%3D%3D','2025-08-23 21:11:15','2025-08-23 22:23:08'),(24,'Samosa Spot',4.6,'Chicago',3,25,'[\"pure_veg\", \"fast_delivery\"]','[\"best_seller\"]','https://images.unsplash.com/photo-1588166524941-3bf61a9c41db?q=80&w=684&auto=format&fit=crop&ixlib=rb-4.1.0&ixid=M3wxMjA3fDB8MHxwaG90by1wYWdlfHx8fGVufDB8fHx8fA%3D%3D','2025-08-23 21:11:15','2025-08-23 22:23:08'),(25,'Pizza Express',4.4,'Cali',2.5,30,'[\"rating\", \"cost\"]','[\"newest\"]','https://plus.unsplash.com/premium_photo-1674106348025-0d45c1b8ff4a?q=80&w=764&auto=format&fit=crop&ixlib=rb-4.1.0&ixid=M3wxMjA3fDB8MHxwaG90by1wYWdlfHx8fGVufDB8fHx8fA%3D%3D','2025-08-23 21:11:15','2025-08-23 22:23:08'),(26,'Kebab King',4.3,'New York',3.8,35,'[\"fast_delivery\", \"cost\"]','[\"exclusive\"]','https://images.unsplash.com/photo-1555126634-323283e090fa?q=80&w=764&auto=format&fit=crop&ixlib=rb-4.1.0&ixid=M3wxMjA3fDB8MHxwaG90by1wYWdlfHx8fGVufDB8fHx8fA%3D%3D','2025-08-23 21:11:15','2025-08-23 22:23:08'),(27,'Salad Stop',4.7,'Houston',2.6,25,'[\"pure_veg\", \"rating\"]','[\"best_seller\"]','https://images.unsplash.com/photo-1598532213919-078e54dd1f40?q=80&w=764&auto=format&fit=crop&ixlib=rb-4.1.0&ixid=M3wxMjA3fDB8MHxwaG90by1wYWdlfHx8fGVufDB8fHx8fA%3D%3D','2025-08-23 21:11:15','2025-08-23 22:23:08'),(28,'Dim Sum Delight',4.9,'Chicago',4.1,40,'[\"rating\", \"exclusive\"]','[\"newest\"]','https://images.unsplash.com/photo-1592417817098-8fd3d9eb14a5?q=80&w=687&auto=format&fit=crop&ixlib=rb-4.1.0&ixid=M3wxMjA3fDB8MHxwaG90by1wYWdlfHx8fGVufDB8fHx8fA%3D%3D','2025-08-23 21:11:15','2025-08-23 22:23:08'),(29,'Waffle World',4.2,'Cali',3.2,20,'[\"fast_delivery\", \"cost\"]','[\"exclusive\"]','https://images.unsplash.com/photo-1611599537845-1c7aca0091c0?q=80&w=687&auto=format&fit=crop&ixlib=rb-4.1.0&ixid=M3wxMjA3fDB8MHxwaG90by1wYWdlfHx8fGVufDB8fHx8fA%3D%3D','2025-08-23 21:11:15','2025-08-23 22:23:08'),(38,'Bun Bo Hue Corner',0,'103 Main St, Seattle, WA',3.2,23,'[\"fast_delivery\"]','[\"newest\"]','https://images.unsplash.com/photo-1738573848408-d9e4e7ab6c9e?w=500&auto=format&fit=crop&q=60&ixlib=rb-4.1.0&ixid=M3wxMjA3fDB8MHxzZWFyY2h8Mnx8QnVuJTIwQm8lMjBIdWUlMjBDb3JuZXJ8ZW58MHx8MHx8fDA%3D','2025-09-19 20:43:17','2025-09-21 03:01:16'),(40,'Pho Saigon',5,'100 Main St, Los Angeles, CA',1.5,50,'[\"fast_delivery\", \"cost\"]','[\"newest\"]','https://kimlientravel.com.vn/upload/image/bat-pho-bo-dac-trung-cua-viet-nam.jpg','2025-09-19 20:56:51','2025-09-21 01:57:23'),(41,'Banh Mi Express',5,'101 Main St, Houston, TX',1.5,50,'[\"fast_delivery\", \"cost\"]','[\"newest\"]','https://images.unsplash.com/photo-1715925717150-2a6d181d8846?w=500&auto=format&fit=crop&q=60&ixlib=rb-4.1.0&ixid=M3wxMjA3fDB8MHxzZWFyY2h8Mnx8YiVDMyVBMW5oJTIwbSVDMyVBQ3xlbnwwfHwwfHx8MA%3D%3D','2025-09-19 21:00:18','2025-09-19 21:00:18'),(44,'Vietnam Delight',5,'129 Main St, San Jose, CA',1.5,50,'[\"fast_delivery\", \"cost\"]','[\"newest\"]','https://images.unsplash.com/photo-1537047902294-62a40c20a6ae?q=80&w=735&auto=format&fit=crop&ixlib=rb-4.1.0&ixid=M3wxMjA3fDB8MHxwaG90by1wYWdlfHx8fGVufDB8fHx8fA%3D%3D','2025-09-23 13:08:46','2025-09-23 22:29:53');
/*!40000 ALTER TABLE `restaurants` ENABLE KEYS */;
UNLOCK TABLES;
/*!40103 SET TIME_ZONE=@OLD_TIME_ZONE */;

/*!40101 SET SQL_MODE=@OLD_SQL_MODE */;
/*!40014 SET FOREIGN_KEY_CHECKS=@OLD_FOREIGN_KEY_CHECKS */;
/*!40014 SET UNIQUE_CHECKS=@OLD_UNIQUE_CHECKS */;
/*!40101 SET CHARACTER_SET_CLIENT=@OLD_CHARACTER_SET_CLIENT */;
/*!40101 SET CHARACTER_SET_RESULTS=@OLD_CHARACTER_SET_RESULTS */;
/*!40101 SET COLLATION_CONNECTION=@OLD_COLLATION_CONNECTION */;
/*!40111 SET SQL_NOTES=@OLD_SQL_NOTES */;

-- Dump completed on 2025-09-24  0:24:01
